Task,ID,Location,Date,Target,CT,Stock,VCollect,Vconc1,Vconc2,VHUHF,VBuffer,VRNAExtract,Vlysate,Vshield,VRNAelution,VRNAPCR,VPCR,DF,VRT1,VRT2,
Spiked,1,Location 2,1/9/2021,BCOV,22.4,,1000,45,1.65,200,3.15,200,14,275,100,2.5,10,1,6,25,,,,,
Spiked,1,Location 2,1/9/2021,BCOV,22.4,,1000,45,1.65,200,3.15,200,14,275,100,2.5,10,1,6,25,,,,,
Sample,1,Location 2,1/9/2021,Disease1,33.7,,1000,45,1.65,200,3.15,200,14,275,100,2.5,10,1,6,25,,,,,
Sample,1,Location 2,1/9/2021,Disease1,33.9,,1000,45,1.65,200,3.15,200,14,275,100,2.5,10,1,6,25,,,,,
Sample,1,Location 2,1/9/2021,Disease1,33.9,,1000,45,1.65,200,3.15,200,14,275,100,2.5,10,1,6,25,,,,,
Sample,1,Location 2,3/9/2021,Disease1,33.7,,1000,45,1.65,200,3.15,200,14,275,100,2.5,10,1,6,25,,,,,
Sample,1,Location 2,3/9/2021,Disease1,33.9,,1000,45,1.65,200,3.15,200,14,275,100,2.5,10,1,6,25,,,,,
Sample,1,Location 2,3/9/2021,Disease1,33.9,,1000,45,1.65,200,3.15,200,14,275,100,2.5,10,1,6,25,,,,,
Sample,1,Location 2,6/9/2021,Disease1,36,,1000,45,1.65,200,3.15,200,14,275,100,2.5,10,1,6,25,,,,,
Sample,1,Location 2,6/9/2021,Disease1,35.5,,1000,45,1.65,200,3.15,200,14,275,100,2.5,10,1,6,25,,,,,
Sample,1,Location 2,6/9/2021,Disease1,35.4,,1000,45,1.65,200,3.15,200,14,275,100,2.5,10,1,6,25,,,,,
Sample,1,Location 2,1/9/2021,Disease2,34,,1000,45,1.65,200,3.15,200,14,275,100,2.5,10,1,6,25,,,,,
Sample,1,Location 2,1/9/2021,Disease2,33.5,,1000,45,1.65,200,3.15,200,14,275,100,2.5,10,1,6,25,,,,,
Sample,1,Location 2,1/9/2021,Disease2,34,,1000,45,1.65,200,3.15,200,14,275,100,2.5,10,1,6,25,,,,,
Sample,1,Location 2,3/9/2021,Disease2,34,,1000,45,1.65,200,3.15,200,14,275,100,2.5,10,1,6,25,,,,,
Sample,1,Location 2,3/9/2021,Disease2,33.5,,1000,45,1.65,200,3.15,200,14,275,100,2.5,10,1,6,25,,,,,
Sample,1,Location 2,3/9/2021,Disease2,34,,1000,45,1.65,200,3.15,200,14,275,100,2.5,10,1,6,25,,,,,
Sample,1,Location 2,6/9/2021,Disease2,34,,1000,45,1.65,200,3.15,200,14,275,100,2.5,10,1,6,25,,,,,
Sample,1,Location 2,6/9/2021,Disease2,33.5,,1000,45,1.65,200,3.15,200,14,275,100,2.5,10,1,6,25,,,,,
Sample,1,Location 2,6/9/2021,Disease2,34,,1000,45,1.65,200,3.15,200,14,275,100,2.5,10,1,6,25,,,,,
Spiked,1,Location 3 M2,1/9/2021,BCOV,22.4,,1000,45,1.65,200,3.15,200,14,275,100,2.5,10,1,6,25,,,,,
Spiked,1,Location 3 M2,1/9/2021,BCOV,22.4,,1000,45,1.65,200,3.15,200,14,275,100,2.5,10,1,6,25,,,,,
Sample,1,Location 3 M2,1/9/2021,Disease1,36.2,,1000,200,15,200,3.15,200,14,275,100,2.5,10,1,6,25,,,,,
Sample,1,Location 3 M2,1/9/2021,Disease1,36.2,,1000,200,15,200,3.15,200,14,275,100,2.5,10,1,6,25,,,,,
Sample,1,Location 3 M2,1/9/2021,Disease1,36.2,,1000,200,15,200,3.15,200,14,275,100,2.5,10,1,6,25,,,,,
Sample,1,Location 3 M2,3/9/2021,Disease1,35.7,,1000,200,15,200,3.15,200,14,275,100,2.5,10,1,6,25,,,,,
Sample,1,Location 3 M2,3/9/2021,Disease1,35.4,,1000,200,15,200,3.15,200,14,275,100,2.5,10,1,6,25,,,,,
Sample,1,Location 3 M2,3/9/2021,Disease1,35,,1000,200,15,200,3.15,200,14,275,100,2.5,10,1,6,25,,,,,
Sample,1,Location 3 M2,6/9/2021,Disease1,36.2,,1000,200,15,200,3.15,200,14,275,100,2.5,10,1,6,25,,,,,
Sample,1,Location 3 M2,6/9/2021,Disease1,36.2,,1000,200,15,200,3.15,200,14,275,100,2.5,10,1,6,25,,,,,
Sample,1,Location 3 M2,6/9/2021,Disease1,36.2,,1000,200,15,200,3.15,200,14,275,100,2.5,10,1,6,25,,,,,
Sample,1,Location 3 M2,1/9/2021,Disease2,35.2,,1000,200,15,200,3.15,200,14,275,100,5,20,1,6,25,,,,,
Sample,1,Location 3 M2,1/9/2021,Disease2,34.2,,1000,200,15,200,3.15,200,14,275,100,5,20,1,6,25,,,,,
Sample,1,Location 3 M2,1/9/2021,Disease2,35.3,,1000,200,15,200,3.15,200,14,275,100,5,20,1,6,25,,,,,
Sample,1,Location 3 M2,3/9/2021,Disease2,33.6,,1000,200,15,200,3.15,200,14,275,100,5,20,1,6,25,,,,,
Sample,1,Location 3 M2,3/9/2021,Disease2,33.6,,1000,200,15,200,3.15,200,14,275,100,5,20,1,6,25,,,,,
Sample,1,Location 3 M2,3/9/2021,Disease2,34,,1000,200,15,200,3.15,200,14,275,100,5,20,1,6,25,,,,,
Sample,1,Location 3 M2,6/9/2021,Disease2,33.6,,1000,200,15,200,3.15,200,14,275,100,5,20,1,6,25,,,,,
Sample,1,Location 3 M2,6/9/2021,Disease2,33.9,,1000,200,15,200,3.15,200,14,275,100,5,20,1,6,25,,,,,
Sample,1,Location 3 M2,6/9/2021,Disease2,33.8,,1000,200,15,200,3.15,200,14,275,100,5,20,1,6,25,,,,,
Spiked,1,Location1,1/9/2021,BCOV,33.7,,1000,45,1.65,200,3.15,200,14,275,100,2.5,10,1,6,25,,,,,
Spiked,1,Location1,1/9/2021,BCOV,33.5,,1000,45,1.65,200,3.15,200,14,275,100,2.5,10,1,6,25,,,,,
Sample,1,Location1,1/9/2021,Disease1,35.9,,1000,45,1.65,200,3.15,200,14,275,100,2.5,10,1,6,25,,,,,
Sample,1,Location1,1/9/2021,Disease1,35.8,,1000,45,1.65,200,3.15,200,14,275,100,2.5,10,1,6,25,,,,,
Sample,1,Location1,1/9/2021,Disease1,35.9,,1000,45,1.65,200,3.15,200,14,275,100,2.5,10,1,6,25,,,,,
Sample,1,Location1,3/9/2021,Disease1,36,,1000,45,1.65,200,3.15,200,14,275,100,2.5,10,1,6,25,,,,,
Sample,1,Location1,3/9/2021,Disease1,35.5,,1000,45,1.65,200,3.15,200,14,275,100,2.5,10,1,6,25,,,,,
Sample,1,Location1,3/9/2021,Disease1,35.4,,1000,45,1.65,200,3.15,200,14,275,100,2.5,10,1,6,25,,,,,
Sample,1,Location1,6/9/2021,Disease1,35.7,,1000,45,1.65,200,3.15,200,14,275,100,2.5,10,1,6,25,,,,,
Sample,1,Location1,6/9/2021,Disease1,35.4,,1000,45,1.65,200,3.15,200,14,275,100,2.5,10,1,6,25,,,,,
Sample,1,Location1,6/9/2021,Disease1,35,,1000,45,1.65,200,3.15,200,14,275,100,2.5,10,1,6,25,,,,,
Sample,1,Location1,1/9/2021,Disease2,33.5,,1000,45,1.65,200,3.15,200,14,275,100,2.5,10,1,6,25,,,,,
Sample,1,Location1,1/9/2021,Disease2,33.8,,1000,45,1.65,200,3.15,200,14,275,100,2.5,10,1,6,25,,,,,
Sample,1,Location1,1/9/2021,Disease2,33.8,,1000,45,1.65,200,3.15,200,14,275,100,2.5,10,1,6,25,,,,,
Sample,1,Location1,3/9/2021,Disease2,33.9,,1000,45,1.65,200,3.15,200,14,275,100,2.5,10,1,6,25,,,,,
Sample,1,Location1,3/9/2021,Disease2,33.8,,1000,45,1.65,200,3.15,200,14,275,100,2.5,10,1,6,25,,,,,
Sample,1,Location1,3/9/2021,Disease2,33.9,,1000,45,1.65,200,3.15,200,14,275,100,2.5,10,1,6,25,,,,,
Sample,1,Location1,6/9/2021,Disease2,33.5,,1000,45,1.65,200,3.15,200,14,275,100,2.5,10,1,6,25,,,,,
Sample,1,Location1,6/9/2021,Disease2,33.6,,1000,45,1.65,200,3.15,200,14,275,100,2.5,10,1,6,25,,,,,
Sample,1,Location1,6/9/2021,Disease2,33.8,,1000,45,1.65,200,3.15,200,14,275,100,2.5,10,1,6,25,,,,,
Control,1,NTC,1/9/2021,BCOV,33.9,,1000,45,1.65,200,3.15,200,14,275,100,2.5,10,1,6,25,,,,,
Control,1,NTC,1/9/2021,BCOV,33.9,,1000,45,1.65,200,3.15,200,14,275,100,2.5,10,1,6,25,,,,,
Control,1,NTC,1/9/2021,Disease1,Undetermined,,1000,45,1.65,200,3.15,200,14,275,100,2.5,10,1,6,25,,,,,
Control,1,NTC,1/9/2021,Disease1,Undetermined,,1000,45,1.65,200,3.15,200,14,275,100,2.5,10,1,6,25,,,,,
Control,1,NTC,1/9/2021,Disease2,Undetermined,,1000,45,1.65,200,3.15,200,14,275,100,2.5,10,1,6,25,,,,,
Control,1,NTC,1/9/2021,Disease2,Undetermined,,1000,45,1.65,200,3.15,200,14,275,100,2.5,10,1,6,25,,,,,
Control,1,Postive Control,1/9/2021,Disease1,21,,1000,45,1.65,200,3.15,200,14,275,100,2.5,10,1,6,25,,,,,
Control,1,Postive Control,1/9/2021,Disease1,21,,1000,45,1.65,200,3.15,200,14,275,100,2.5,10,1,6,25,,,,,
Standards,1,S1,1/9/2021,Disease1,25.4,10000,1000,45,1.65,200,3.15,200,14,275,100,2.5,10,1,6,25,,,,,
Standards,1,S1,1/9/2021,Disease1,25,10000,1000,45,1.65,200,3.15,200,14,275,100,2.5,10,1,6,25,,,,,
Standards,1,S1,1/9/2021,Disease2,26,10000,1000,45,1.65,200,3.15,200,14,275,100,2.5,10,1,6,25,,,,,
Standards,1,S1,1/9/2021,Disease2,26,10000,1000,45,1.65,200,3.15,200,14,275,100,2.5,10,1,6,25,,,,,
Standards,1,S2,1/9/2021,Disease1,26,5000,1000,45,1.65,200,3.15,200,14,275,100,2.5,10,1,6,25,,,,,
Standards,1,S2,1/9/2021,Disease1,26,5000,1000,45,1.65,200,3.15,200,14,275,100,2.5,10,1,6,25,,,,,
Standards,1,S2,1/9/2021,Disease2,27,5000,1000,45,1.65,200,3.15,200,14,275,100,2.5,10,1,6,25,,,,,
Standards,1,S2,1/9/2021,Disease2,27,5000,1000,45,1.65,200,3.15,200,14,275,100,2.5,10,1,6,25,,,,,
Standards,1,S3,1/9/2021,Disease1,27,2500,1000,45,1.65,200,3.15,200,14,275,100,2.5,10,1,6,25,,,,,
Standards,1,S3,1/9/2021,Disease1,27,2500,1000,45,1.65,200,3.15,200,14,275,100,2.5,10,1,6,25,,,,,
Standards,1,S3,1/9/2021,Disease2,28,2500,1000,45,1.65,200,3.15,200,14,275,100,2.5,10,1,6,25,,,,,
Standards,1,S3,1/9/2021,Disease2,28,2500,1000,45,1.65,200,3.15,200,14,275,100,2.5,10,1,6,25,,,,,
Standards,1,S4,1/9/2021,Disease1,28,1250,1000,45,1.65,200,3.15,200,14,275,100,2.5,10,1,6,25,,,,,
Standards,1,S4,1/9/2021,Disease1,28,1250,1000,45,1.65,200,3.15,200,14,275,100,2.5,10,1,6,25,,,,,
Standards,1,S4,1/9/2021,Disease2,29,1250,1000,45,1.65,200,3.15,200,14,275,100,2.5,10,1,6,25,,,,,
Standards,1,S4,1/9/2021,Disease2,29,1250,1000,45,1.65,200,3.15,200,14,275,100,2.5,10,1,6,25,,,,,
Standards,1,S5,1/9/2021,Disease1,29,625,1000,45,1.65,200,3.15,200,14,275,100,2.5,10,1,6,25,,,,,
Standards,1,S5,1/9/2021,Disease1,29,625,1000,45,1.65,200,3.15,200,14,275,100,2.5,10,1,6,25,,,,,
Standards,1,S5,1/9/2021,Disease2,30,625,1000,45,1.65,200,3.15,200,14,275,100,2.5,10,1,6,25,,,,,
Standards,1,S5,1/9/2021,Disease2,30,625,1000,45,1.65,200,3.15,200,14,275,100,2.5,10,1,6,25,,,,,
Standards,1,S6,1/9/2021,Disease1,31,156.25,1000,45,1.65,200,3.15,200,14,275,100,2.5,10,1,6,25,,,,,
Standards,1,S6,1/9/2021,Disease1,31,156.25,1000,45,1.65,200,3.15,200,14,275,100,2.5,10,1,6,25,,,,,
Standards,1,S6,1/9/2021,Disease2,31,156.25,1000,45,1.65,200,3.15,200,14,275,100,2.5,10,1,6,25,,,,,
Standards,1,S6,1/9/2021,Disease2,31,156.25,1000,45,1.65,200,3.15,200,14,275,100,2.5,10,1,6,25,,,,,
Standards,1,S7,1/9/2021,Disease1,32,39.0625,1000,45,1.65,200,3.15,200,14,275,100,2.5,10,1,6,25,,,,,
Standards,1,S7,1/9/2021,Disease1,32,39.0625,1000,45,1.65,200,3.15,200,14,275,100,2.5,10,1,6,25,,,,,
Standards,1,S7,1/9/2021,Disease2,32,39.0625,1000,45,1.65,200,3.15,200,14,275,100,2.5,10,1,6,25,,,,,
Standards,1,S7,1/9/2021,Disease2,33,39.0625,1000,45,1.65,200,3.15,200,14,275,100,2.5,10,1,6,25,,,,,
Standards,1,S8,1/9/2021,Disease1,34,9.765625,1000,45,1.65,200,3.15,200,14,275,100,2.5,10,1,6,25,,,,,
Standards,1,S8,1/9/2021,Disease1,34,9.765625,1000,45,1.65,200,3.15,200,14,275,100,2.5,10,1,6,25,,,,,
Standards,1,S8,1/9/2021,Disease2,34,9.765625,1000,45,1.65,200,3.15,200,14,275,100,2.5,10,1,6,25,,,,,
Standards,1,S8,1/9/2021,Disease2,34,9.765625,1000,45,1.65,200,3.15,200,14,275,100,2.5,10,1,6,25,,,,,
Matrix,1,Water + BCOV,1/9/2021,BCOV,23,,1000,45,1.65,200,3.15,200,14,275,100,2.5,10,1,6,25,,,,,
Matrix,1,Water + BCOV,1/9/2021,BCOV,23,,1000,45,1.65,200,3.15,200,14,275,100,2.5,10,1,6,25,,,,,
Spiked,2,Location 2,8/9/2021,BCOV,22.4,,1000,45,1.65,200,3.15,200,14,275,100,2.5,10,1,6,25,,,,,
Spiked,2,Location 2,8/9/2021,BCOV,22.4,,1000,45,1.65,200,3.15,200,14,275,100,2.5,10,1,6,25,,,,,
Sample,2,Location 2,8/9/2021,Disease1,35.3,,1000,45,1.65,200,3.15,200,14,275,100,2.5,10,1,6,25,,,,,
Sample,2,Location 2,8/9/2021,Disease1,35.2,,1000,45,1.65,200,3.15,200,14,275,100,2.5,10,1,6,25,,,,,
Sample,2,Location 2,8/9/2021,Disease1,35.4,,1000,45,1.65,200,3.15,200,14,275,100,2.5,10,1,6,25,,,,,
Sample,2,Location 2,12/8/2021,Disease1,36,,1000,45,1.65,200,3.15,200,14,275,100,2.5,10,1,6,25,,,,,
Sample,2,Location 2,12/8/2021,Disease1,35.1,,1000,45,1.65,200,3.15,200,14,275,100,2.5,10,1,6,25,,,,,
Sample,2,Location 2,12/8/2021,Disease1,35.3,,1000,45,1.65,200,3.15,200,14,275,100,2.5,10,1,6,25,,,,,
Sample,2,Location 2,8/9/2021,Disease2,34,,1000,45,1.65,200,3.15,200,14,275,100,2.5,10,1,6,25,,,,,
Sample,2,Location 2,8/9/2021,Disease2,33.8,,1000,45,1.65,200,3.15,200,14,275,100,2.5,10,1,6,25,,,,,
Sample,2,Location 2,8/9/2021,Disease2,33.5,,1000,45,1.65,200,3.15,200,14,275,100,2.5,10,1,6,25,,,,,
Sample,2,Location 2,12/8/2021,Disease2,33.5,,1000,45,1.65,200,3.15,200,14,275,100,2.5,10,1,6,25,,,,,
Sample,2,Location 2,12/8/2021,Disease2,33.5,,1000,45,1.65,200,3.15,200,14,275,100,2.5,10,1,6,25,,,,,
Sample,2,Location 2,12/8/2021,Disease2,33.5,,1000,45,1.65,200,3.15,200,14,275,100,2.5,10,1,6,25,,,,,
Spiked,2,Location 3 M2,8/9/2021,BCOV,33.9,,1000,45,1.65,200,3.15,200,14,275,100,2.5,10,1,6,25,,,,,
Spiked,2,Location 3 M2,8/9/2021,BCOV,33.5,,1000,45,1.65,200,3.15,200,14,275,100,2.5,10,1,6,25,,,,,
Sample,2,Location 3 M2,8/9/2021,Disease1,33.6,,1000,200,15,200,3.15,200,14,275,100,2.5,10,1,6,25,,,,,
Sample,2,Location 3 M2,8/9/2021,Disease1,33.8,,1000,200,15,200,3.15,200,14,275,100,2.5,10,1,6,25,,,,,
Sample,2,Location 3 M2,8/9/2021,Disease1,33.6,,1000,200,15,200,3.15,200,14,275,100,2.5,10,1,6,25,,,,,
Sample,2,Location 3 M2,12/8/2021,Disease1,33.7,,1000,200,15,200,3.15,200,14,275,100,2.5,10,1,6,25,,,,,
Sample,2,Location 3 M2,12/8/2021,Disease1,35.6,,1000,200,15,200,3.15,200,14,275,100,2.5,10,1,6,25,,,,,
Sample,2,Location 3 M2,12/8/2021,Disease1,35.5,,1000,200,15,200,3.15,200,14,275,100,2.5,10,1,6,25,,,,,
Sample,2,Location 3 M2,8/9/2021,Disease2,35.4,,1000,200,15,200,3.15,200,14,275,100,5,20,1,6,25,,,,,
Sample,2,Location 3 M2,8/9/2021,Disease2,33.5,,1000,200,15,200,3.15,200,14,275,100,5,20,1,6,25,,,,,
Sample,2,Location 3 M2,8/9/2021,Disease2,33.5,,1000,200,15,200,3.15,200,14,275,100,5,20,1,6,25,,,,,
Sample,2,Location 3 M2,12/8/2021,Disease2,33.5,,1000,200,15,200,3.15,200,14,275,100,5,20,1,6,25,,,,,
Sample,2,Location 3 M2,12/8/2021,Disease2,33.5,,1000,200,15,200,3.15,200,14,275,100,5,20,1,6,25,,,,,
Sample,2,Location 3 M2,12/8/2021,Disease2,33.9,,1000,200,15,200,3.15,200,14,275,100,5,20,1,6,25,,,,,
Spiked,2,Location1,8/9/2021,BCOV,33.5,,1000,45,1.65,200,3.15,200,14,275,100,2.5,10,1,6,25,,,,,
Spiked,2,Location1,8/9/2021,BCOV,33.6,,1000,45,1.65,200,3.15,200,14,275,100,2.5,10,1,6,25,,,,,
Sample,2,Location1,8/9/2021,Disease1,33.8,,1000,45,1.65,200,3.15,200,14,275,100,2.5,10,1,6,25,,,,,
Sample,2,Location1,8/9/2021,Disease1,33.6,,1000,45,1.65,200,3.15,200,14,275,100,2.5,10,1,6,25,,,,,
Sample,2,Location1,8/9/2021,Disease1,35,,1000,45,1.65,200,3.15,200,14,275,100,2.5,10,1,6,25,,,,,
Sample,2,Location1,12/8/2021,Disease1,35.5,,1000,45,1.65,200,3.15,200,14,275,100,2.5,10,1,6,25,,,,,
Sample,2,Location1,12/8/2021,Disease1,35.9,,1000,45,1.65,200,3.15,200,14,275,100,2.5,10,1,6,25,,,,,
Sample,2,Location1,12/8/2021,Disease1,35,,1000,45,1.65,200,3.15,200,14,275,100,2.5,10,1,6,25,,,,,
Sample,2,Location1,8/9/2021,Disease2,33.7,,1000,45,1.65,200,3.15,200,14,275,100,2.5,10,1,6,25,,,,,
Sample,2,Location1,8/9/2021,Disease2,33.5,,1000,45,1.65,200,3.15,200,14,275,100,2.5,10,1,6,25,,,,,
Sample,2,Location1,8/9/2021,Disease2,33.6,,1000,45,1.65,200,3.15,200,14,275,100,2.5,10,1,6,25,,,,,
Sample,2,Location1,12/8/2021,Disease2,33.8,,1000,45,1.65,200,3.15,200,14,275,100,2.5,10,1,6,25,,,,,
Sample,2,Location1,12/8/2021,Disease2,33.6,,1000,45,1.65,200,3.15,200,14,275,100,2.5,10,1,6,25,,,,,
Sample,2,Location1,12/8/2021,Disease2,33.7,,1000,45,1.65,200,3.15,200,14,275,100,2.5,10,1,6,25,,,,,
Control,2,NTC,8/9/2021,BCOV,Undetermined,,1000,45,1.65,200,3.15,200,14,275,100,2.5,10,1,6,25,,,,,
Control,2,NTC,8/9/2021,BCOV,Undetermined,,1000,45,1.65,200,3.15,200,14,275,100,2.5,10,1,6,25,,,,,
Control,2,NTC,8/9/2021,Disease1,Undetermined,,1000,45,1.65,200,3.15,200,14,275,100,2.5,10,1,6,25,,,,,
Control,2,NTC,8/9/2021,Disease1,Undetermined,,1000,45,1.65,200,3.15,200,14,275,100,2.5,10,1,6,25,,,,,
Control,2,NTC,8/9/2021,Disease2,Undetermined,,1000,45,1.65,200,3.15,200,14,275,100,2.5,10,1,6,25,,,,,
Control,2,NTC,8/9/2021,Disease2,Undetermined,,1000,45,1.65,200,3.15,200,14,275,100,2.5,10,1,6,25,,,,,
Control,2,Postive Control,8/9/2021,Disease1,21,,1000,45,1.65,200,3.15,200,14,275,100,2.5,10,1,6,25,,,,,
Control,2,Postive Control,8/9/2021,Disease1,21,,1000,45,1.65,200,3.15,200,14,275,100,2.5,10,1,6,25,,,,,
Standards,2,S1,8/9/2021,Disease1,23,10000,1000,45,1.65,200,3.15,200,14,275,100,2.5,10,1,6,25,,,,,
Standards,2,S1,8/9/2021,Disease1,23,10000,1000,45,1.65,200,3.15,200,14,275,100,2.5,10,1,6,25,,,,,
Standards,2,S1,8/9/2021,Disease2,33.7,10000,1000,45,1.65,200,3.15,200,14,275,100,2.5,10,1,6,25,,,,,
Standards,2,S1,8/9/2021,Disease2,34,10000,1000,45,1.65,200,3.15,200,14,275,100,2.5,10,1,6,25,,,,,
Standards,2,S2,8/9/2021,Disease1,24,5000,1000,45,1.65,200,3.15,200,14,275,100,2.5,10,1,6,25,,,,,
Standards,2,S2,8/9/2021,Disease1,24,5000,1000,45,1.65,200,3.15,200,14,275,100,2.5,10,1,6,25,,,,,
Standards,2,S2,8/9/2021,Disease2,33.5,5000,1000,45,1.65,200,3.15,200,14,275,100,2.5,10,1,6,25,,,,,
Standards,2,S2,8/9/2021,Disease2,27,5000,1000,45,1.65,200,3.15,200,14,275,100,2.5,10,1,6,25,,,,,
Standards,2,S3,8/9/2021,Disease1,25,2500,1000,45,1.65,200,3.15,200,14,275,100,2.5,10,1,6,25,,,,,
Standards,2,S3,8/9/2021,Disease1,25,2500,1000,45,1.65,200,3.15,200,14,275,100,2.5,10,1,6,25,,,,,
Standards,2,S3,8/9/2021,Disease2,28,2500,1000,45,1.65,200,3.15,200,14,275,100,2.5,10,1,6,25,,,,,
Standards,2,S3,8/9/2021,Disease2,28,2500,1000,45,1.65,200,3.15,200,14,275,100,2.5,10,1,6,25,,,,,
Standards,2,S4,8/9/2021,Disease1,26,1250,1000,45,1.65,200,3.15,200,14,275,100,2.5,10,1,6,25,,,,,
Standards,2,S4,8/9/2021,Disease1,26,1250,1000,45,1.65,200,3.15,200,14,275,100,2.5,10,1,6,25,,,,,
Standards,2,S4,8/9/2021,Disease2,29,1250,1000,45,1.65,200,3.15,200,14,275,100,2.5,10,1,6,25,,,,,
Standards,2,S4,8/9/2021,Disease2,29,1250,1000,45,1.65,200,3.15,200,14,275,100,2.5,10,1,6,25,,,,,
Standards,2,S5,8/9/2021,Disease1,27,625,1000,45,1.65,200,3.15,200,14,275,100,2.5,10,1,6,25,,,,,
Standards,2,S5,8/9/2021,Disease1,27,625,1000,45,1.65,200,3.15,200,14,275,100,2.5,10,1,6,25,,,,,
Standards,2,S5,8/9/2021,Disease2,30,625,1000,45,1.65,200,3.15,200,14,275,100,2.5,10,1,6,25,,,,,
Standards,2,S5,8/9/2021,Disease2,30,625,1000,45,1.65,200,3.15,200,14,275,100,2.5,10,1,6,25,,,,,
Standards,2,S6,8/9/2021,Disease1,28,156.25,1000,45,1.65,200,3.15,200,14,275,100,2.5,10,1,6,25,,,,,
Standards,2,S6,8/9/2021,Disease1,28,156.25,1000,45,1.65,200,3.15,200,14,275,100,2.5,10,1,6,25,,,,,
Standards,2,S6,8/9/2021,Disease2,31,156.25,1000,45,1.65,200,3.15,200,14,275,100,2.5,10,1,6,25,,,,,
Standards,2,S6,8/9/2021,Disease2,31,156.25,1000,45,1.65,200,3.15,200,14,275,100,2.5,10,1,6,25,,,,,
Standards,2,S7,8/9/2021,Disease1,29,39.0625,1000,45,1.65,200,3.15,200,14,275,100,2.5,10,1,6,25,,,,,
Standards,2,S7,8/9/2021,Disease1,29,39.0625,1000,45,1.65,200,3.15,200,14,275,100,2.5,10,1,6,25,,,,,
Standards,2,S7,8/9/2021,Disease2,32,39.0625,1000,45,1.65,200,3.15,200,14,275,100,2.5,10,1,6,25,,,,,
Standards,2,S7,8/9/2021,Disease2,33,39.0625,1000,45,1.65,200,3.15,200,14,275,100,2.5,10,1,6,25,,,,,
Standards,2,S8,8/9/2021,Disease1,30,9.765625,1000,45,1.65,200,3.15,200,14,275,100,2.5,10,1,6,25,,,,,
Standards,2,S8,8/9/2021,Disease1,30,9.765625,1000,45,1.65,200,3.15,200,14,275,100,2.5,10,1,6,25,,,,,
Standards,2,S8,8/9/2021,Disease2,34,9.765625,1000,45,1.65,200,3.15,200,14,275,100,2.5,10,1,6,25,,,,,
Standards,2,S8,8/9/2021,Disease2,34,9.765625,1000,45,1.65,200,3.15,200,14,275,100,2.5,10,1,6,25,,,,,
Matrix,2,Water + BCOV,8/9/2021,BCOV,23,,1000,45,1.65,200,3.15,200,14,275,100,2.5,10,1,6,25,,,,,
Matrix,2,Water + BCOV,8/9/2021,BCOV,23,,1000,45,1.65,200,3.15,200,14,275,100,2.5,10,1,6,25,,,,,
Spiked,3,Location 2,27/9/2021,BCOV,22.4,,1000,45,1.65,200,3.15,200,14,275,100,2.5,10,1,6,25,,,,,
Spiked,3,Location 2,27/9/2021,BCOV,22.4,,1000,45,1.65,200,3.15,200,14,275,100,2.5,10,1,6,25,,,,,
Sample,3,Location 2,27/9/2021,Disease1,33.7,,1000,45,1.65,200,3.15,200,14,275,100,2.5,10,1,6,25,,,,,
Sample,3,Location 2,27/9/2021,Disease1,36,,1000,45,1.65,200,3.15,200,14,275,100,2.5,10,1,6,25,,,,,
Sample,3,Location 2,27/9/2021,Disease1,35.1,,1000,45,1.65,200,3.15,200,14,275,100,2.5,10,1,6,25,,,,,
Sample,3,Location 2,23/9/2021,Disease1,35.1,,1000,45,1.65,200,3.15,200,14,275,100,2.5,10,1,6,25,,,,,
Sample,3,Location 2,23/9/2021,Disease1,35.4,,1000,45,1.65,200,3.15,200,14,275,100,2.5,10,1,6,25,,,,,
Sample,3,Location 2,23/9/2021,Disease1,35.2,,1000,45,1.65,200,3.15,200,14,275,100,2.5,10,1,6,25,,,,,
Sample,3,Location 2,27/9/2021,Disease2,35.5,,1000,45,1.65,200,3.15,200,14,275,100,2.5,10,1,6,25,,,,,
Sample,3,Location 2,27/9/2021,Disease2,35.3,,1000,45,1.65,200,3.15,200,14,275,100,2.5,10,1,6,25,,,,,
Sample,3,Location 2,27/9/2021,Disease2,35.8,,1000,45,1.65,200,3.15,200,14,275,100,2.5,10,1,6,25,,,,,
Sample,3,Location 2,23/9/2021,Disease2,35.3,,1000,45,1.65,200,3.15,200,14,275,100,2.5,10,1,6,25,,,,,
Sample,3,Location 2,23/9/2021,Disease2,33.6,,1000,45,1.65,200,3.15,200,14,275,100,2.5,10,1,6,25,,,,,
Sample,3,Location 2,23/9/2021,Disease2,33.6,,1000,45,1.65,200,3.15,200,14,275,100,2.5,10,1,6,25,,,,,
Spiked,3,Location 3 M2,27/9/2021,BCOV,34,,1000,45,1.65,200,3.15,200,14,275,100,2.5,10,1,6,25,,,,,
Spiked,3,Location 3 M2,27/9/2021,BCOV,33.9,,1000,45,1.65,200,3.15,200,14,275,100,2.5,10,1,6,25,,,,,
Sample,3,Location 3 M2,27/9/2021,Disease1,33.8,,1000,200,15,200,3.15,200,14,275,100,2.5,10,1,6,25,,,,,
Sample,3,Location 3 M2,27/9/2021,Disease1,34,,1000,200,15,200,3.15,200,14,275,100,2.5,10,1,6,25,,,,,
Sample,3,Location 3 M2,27/9/2021,Disease1,33.6,,1000,200,15,200,3.15,200,14,275,100,2.5,10,1,6,25,,,,,
Sample,3,Location 3 M2,23/9/2021,Disease1,36,,1000,200,15,200,3.15,200,14,275,100,2.5,10,1,6,25,,,,,
Sample,3,Location 3 M2,23/9/2021,Disease1,35.1,,1000,200,15,200,3.15,200,14,275,100,2.5,10,1,6,25,,,,,
Sample,3,Location 3 M2,23/9/2021,Disease1,35.1,,1000,200,15,200,3.15,200,14,275,100,2.5,10,1,6,25,,,,,
Sample,3,Location 3 M2,27/9/2021,Disease2,35.4,,1000,200,15,200,3.15,200,14,275,100,5,20,1,6,25,,,,,
Sample,3,Location 3 M2,27/9/2021,Disease2,35.2,,1000,200,15,200,3.15,200,14,275,100,5,20,1,6,25,,,,,
Sample,3,Location 3 M2,27/9/2021,Disease2,35.5,,1000,200,15,200,3.15,200,14,275,100,5,20,1,6,25,,,,,
Sample,3,Location 3 M2,23/9/2021,Disease2,35.3,,1000,200,15,200,3.15,200,14,275,100,5,20,1,6,25,,,,,
Sample,3,Location 3 M2,23/9/2021,Disease2,35.8,,1000,200,15,200,3.15,200,14,275,100,5,20,1,6,25,,,,,
Sample,3,Location 3 M2,23/9/2021,Disease2,35.3,,1000,200,15,200,3.15,200,14,275,100,5,20,1,6,25,,,,,
Spiked,3,Location1,27/9/2021,BCOV,34,,1000,45,1.65,200,3.15,200,14,275,100,2.5,10,1,6,25,,,,,
Spiked,3,Location1,27/9/2021,BCOV,33.6,,1000,45,1.65,200,3.15,200,14,275,100,2.5,10,1,6,25,,,,,
Sample,3,Location1,27/9/2021,Disease1,33.8,,1000,45,1.65,200,3.15,200,14,275,100,2.5,10,1,6,25,,,,,
Sample,3,Location1,27/9/2021,Disease1,35.1,,1000,45,1.65,200,3.15,200,14,275,100,2.5,10,1,6,25,,,,,
Sample,3,Location1,27/9/2021,Disease1,36,,1000,45,1.65,200,3.15,200,14,275,100,2.5,10,1,6,25,,,,,
Sample,3,Location1,23/9/2021,Disease1,35.1,,1000,45,1.65,200,3.15,200,14,275,100,2.5,10,1,6,25,,,,,
Sample,3,Location1,23/9/2021,Disease1,35.1,,1000,45,1.65,200,3.15,200,14,275,100,2.5,10,1,6,25,,,,,
Sample,3,Location1,23/9/2021,Disease1,35.4,,1000,45,1.65,200,3.15,200,14,275,100,2.5,10,1,6,25,,,,,
Sample,3,Location1,27/9/2021,Disease2,35.2,,1000,45,1.65,200,3.15,200,14,275,100,2.5,10,1,6,25,,,,,
Sample,3,Location1,27/9/2021,Disease2,35.5,,1000,45,1.65,200,3.15,200,14,275,100,2.5,10,1,6,25,,,,,
Sample,3,Location1,27/9/2021,Disease2,35.3,,1000,45,1.65,200,3.15,200,14,275,100,2.5,10,1,6,25,,,,,
Sample,3,Location1,23/9/2021,Disease2,35.8,,1000,45,1.65,200,3.15,200,14,275,100,2.5,10,1,6,25,,,,,
Sample,3,Location1,23/9/2021,Disease2,35.3,,1000,45,1.65,200,3.15,200,14,275,100,2.5,10,1,6,25,,,,,
Sample,3,Location1,23/9/2021,Disease2,33.9,,1000,45,1.65,200,3.15,200,14,275,100,2.5,10,1,6,25,,,,,
Control,3,NTC,27/9/2021,BCOV,Undetermined,,1000,45,1.65,200,3.15,200,14,275,100,2.5,10,1,6,25,,,,,
Control,3,NTC,27/9/2021,BCOV,Undetermined,,1000,45,1.65,200,3.15,200,14,275,100,2.5,10,1,6,25,,,,,
Control,3,NTC,27/9/2021,Disease1,Undetermined,,1000,45,1.65,200,3.15,200,14,275,100,2.5,10,1,6,25,,,,,
Control,3,NTC,27/9/2021,Disease1,Undetermined,,1000,45,1.65,200,3.15,200,14,275,100,2.5,10,1,6,25,,,,,
Control,3,NTC,27/9/2021,Disease2,Undetermined,,1000,45,1.65,200,3.15,200,14,275,100,2.5,10,1,6,25,,,,,
Control,3,NTC,27/9/2021,Disease2,Undetermined,,1000,45,1.65,200,3.15,200,14,275,100,2.5,10,1,6,25,,,,,
Control,3,Postive Control,27/9/2021,Disease1,21,,1000,45,1.65,200,3.15,200,14,275,100,2.5,10,1,6,25,,,,,
Control,3,Postive Control,27/9/2021,Disease1,21,,1000,45,1.65,200,3.15,200,14,275,100,2.5,10,1,6,25,,,,,
Standards,3,S1,27/9/2021,Disease1,26.2,10000,1000,45,1.65,200,3.15,200,14,275,100,2.5,10,1,6,25,,,,,
Standards,3,S1,27/9/2021,Disease1,26.5,10000,1000,45,1.65,200,3.15,200,14,275,100,2.5,10,1,6,25,,,,,
Standards,3,S1,27/9/2021,Disease2,33.7,10000,1000,45,1.65,200,3.15,200,14,275,100,2.5,10,1,6,25,,,,,
Standards,3,S1,27/9/2021,Disease2,34,10000,1000,45,1.65,200,3.15,200,14,275,100,2.5,10,1,6,25,,,,,
Standards,3,S1,27/9/2021,Disease2,33.7,10000,1000,45,1.65,200,3.15,200,14,275,100,2.5,10,1,6,25,,,,,
Standards,3,S1,27/9/2021,Disease2,34,10000,1000,45,1.65,200,3.15,200,14,275,100,2.5,10,1,6,25,,,,,
Standards,3,S2,27/9/2021,Disease1,27.4,5000,1000,45,1.65,200,3.15,200,14,275,100,2.5,10,1,6,25,,,,,
Standards,3,S2,27/9/2021,Disease1,26.9,5000,1000,45,1.65,200,3.15,200,14,275,100,2.5,10,1,6,25,,,,,
Standards,3,S2,27/9/2021,Disease2,33.5,5000,1000,45,1.65,200,3.15,200,14,275,100,2.5,10,1,6,25,,,,,
Standards,3,S2,27/9/2021,Disease2,27,5000,1000,45,1.65,200,3.15,200,14,275,100,2.5,10,1,6,25,,,,,
Standards,3,S2,27/9/2021,Disease2,33.5,5000,1000,45,1.65,200,3.15,200,14,275,100,2.5,10,1,6,25,,,,,
Standards,3,S2,27/9/2021,Disease2,27,5000,1000,45,1.65,200,3.15,200,14,275,100,2.5,10,1,6,25,,,,,
Standards,3,S3,27/9/2021,Disease1,28.5,2500,1000,45,1.65,200,3.15,200,14,275,100,2.5,10,1,6,25,,,,,
Standards,3,S3,27/9/2021,Disease1,28.7,2500,1000,45,1.65,200,3.15,200,14,275,100,2.5,10,1,6,25,,,,,
Standards,3,S3,27/9/2021,Disease2,28,2500,1000,45,1.65,200,3.15,200,14,275,100,2.5,10,1,6,25,,,,,
Standards,3,S3,27/9/2021,Disease2,28,2500,1000,45,1.65,200,3.15,200,14,275,100,2.5,10,1,6,25,,,,,
Standards,3,S3,27/9/2021,Disease2,28,2500,1000,45,1.65,200,3.15,200,14,275,100,2.5,10,1,6,25,,,,,
Standards,3,S3,27/9/2021,Disease2,28,2500,1000,45,1.65,200,3.15,200,14,275,100,2.5,10,1,6,25,,,,,
Standards,3,S4,27/9/2021,Disease1,29.3,1250,1000,45,1.65,200,3.15,200,14,275,100,2.5,10,1,6,25,,,,,
Standards,3,S4,27/9/2021,Disease1,29.5,1250,1000,45,1.65,200,3.15,200,14,275,100,2.5,10,1,6,25,,,,,
Standards,3,S4,27/9/2021,Disease2,29,1250,1000,45,1.65,200,3.15,200,14,275,100,2.5,10,1,6,25,,,,,
Standards,3,S4,27/9/2021,Disease2,29,1250,1000,45,1.65,200,3.15,200,14,275,100,2.5,10,1,6,25,,,,,
Standards,3,S4,27/9/2021,Disease2,29,1250,1000,45,1.65,200,3.15,200,14,275,100,2.5,10,1,6,25,,,,,
Standards,3,S4,27/9/2021,Disease2,29,1250,1000,45,1.65,200,3.15,200,14,275,100,2.5,10,1,6,25,,,,,
Standards,3,S5,27/9/2021,Disease1,30.1,625,1000,45,1.65,200,3.15,200,14,275,100,2.5,10,1,6,25,,,,,
Standards,3,S5,27/9/2021,Disease1,31.4,625,1000,45,1.65,200,3.15,200,14,275,100,2.5,10,1,6,25,,,,,
Standards,3,S5,27/9/2021,Disease2,30,625,1000,45,1.65,200,3.15,200,14,275,100,2.5,10,1,6,25,,,,,
Standards,3,S5,27/9/2021,Disease2,30,625,1000,45,1.65,200,3.15,200,14,275,100,2.5,10,1,6,25,,,,,
Standards,3,S5,27/9/2021,Disease2,30,625,1000,45,1.65,200,3.15,200,14,275,100,2.5,10,1,6,25,,,,,
Standards,3,S5,27/9/2021,Disease2,30,625,1000,45,1.65,200,3.15,200,14,275,100,2.5,10,1,6,25,,,,,
Standards,3,S6,27/9/2021,Disease1,31.5,156.25,1000,45,1.65,200,3.15,200,14,275,100,2.5,10,1,6,25,,,,,
Standards,3,S6,27/9/2021,Disease1,31.45,156.25,1000,45,1.65,200,3.15,200,14,275,100,2.5,10,1,6,25,,,,,
Standards,3,S6,27/9/2021,Disease2,31,156.25,1000,45,1.65,200,3.15,200,14,275,100,2.5,10,1,6,25,,,,,
Standards,3,S6,27/9/2021,Disease2,31,156.25,1000,45,1.65,200,3.15,200,14,275,100,2.5,10,1,6,25,,,,,
Standards,3,S6,27/9/2021,Disease2,31,156.25,1000,45,1.65,200,3.15,200,14,275,100,2.5,10,1,6,25,,,,,
Standards,3,S6,27/9/2021,Disease2,31,156.25,1000,45,1.65,200,3.15,200,14,275,100,2.5,10,1,6,25,,,,,
Standards,3,S7,27/9/2021,Disease1,33.5,39.0625,1000,45,1.65,200,3.15,200,14,275,100,2.5,10,1,6,25,,,,,
Standards,3,S7,27/9/2021,Disease1,33,39.0625,1000,45,1.65,200,3.15,200,14,275,100,2.5,10,1,6,25,,,,,
Standards,3,S7,27/9/2021,Disease2,32,39.0625,1000,45,1.65,200,3.15,200,14,275,100,2.5,10,1,6,25,,,,,
Standards,3,S7,27/9/2021,Disease2,33,39.0625,1000,45,1.65,200,3.15,200,14,275,100,2.5,10,1,6,25,,,,,
Standards,3,S7,27/9/2021,Disease2,32,39.0625,1000,45,1.65,200,3.15,200,14,275,100,2.5,10,1,6,25,,,,,
Standards,3,S7,27/9/2021,Disease2,33,39.0625,1000,45,1.65,200,3.15,200,14,275,100,2.5,10,1,6,25,,,,,
Standards,3,S8,27/9/2021,Disease1,34.7,9.765625,1000,45,1.65,200,3.15,200,14,275,100,2.5,10,1,6,25,,,,,
Standards,3,S8,27/9/2021,Disease1,34.2,9.765625,1000,45,1.65,200,3.15,200,14,275,100,2.5,10,1,6,25,,,,,
Standards,3,S8,27/9/2021,Disease2,34,9.765625,1000,45,1.65,200,3.15,200,14,275,100,2.5,10,1,6,25,,,,,
Standards,3,S8,27/9/2021,Disease2,34,9.765625,1000,45,1.65,200,3.15,200,14,275,100,2.5,10,1,6,25,,,,,
Standards,3,S8,27/9/2021,Disease2,34,9.765625,1000,45,1.65,200,3.15,200,14,275,100,2.5,10,1,6,25,,,,,
Standards,3,S8,27/9/2021,Disease2,34,9.765625,1000,45,1.65,200,3.15,200,14,275,100,2.5,10,1,6,25,,,,,
Matrix,3,Water + BCOV,27/9/2021,BCOV,23,,1000,45,1.65,200,3.15,200,14,275,100,2.5,10,1,6,25,,,,,
Matrix,3,Water + BCOV,27/9/2021,BCOV,23,,1000,45,1.65,200,3.15,200,14,275,100,2.5,10,1,6,25,,,,,
Spiked,4,Location 2,9/10/2021,BCOV,22.4,,1000,45,1.65,200,3.15,200,14,275,100,2.5,10,1,6,25,,,,,
Spiked,4,Location 2,9/10/2021,BCOV,22.4,,1000,45,1.65,200,3.15,200,14,275,100,2.5,10,1,6,25,,,,,
Sample,4,Location 2,9/10/2021,Disease1,34,,1000,45,1.65,200,3.15,200,14,275,100,2.5,10,1,6,25,,,,,
Sample,4,Location 2,9/10/2021,Disease1,33.6,,1000,45,1.65,200,3.15,200,14,275,100,2.5,10,1,6,25,,,,,
Sample,4,Location 2,9/10/2021,Disease1,33.8,,1000,45,1.65,200,3.15,200,14,275,100,2.5,10,1,6,25,,,,,
Sample,4,Location 2,9/10/2021,Disease2,33.7,,1000,45,1.65,200,3.15,200,14,275,100,2.5,10,1,6,25,,,,,
Sample,4,Location 2,9/10/2021,Disease2,33.5,,1000,45,1.65,200,3.15,200,14,275,100,2.5,10,1,6,25,,,,,
Sample,4,Location 2,9/10/2021,Disease2,33.9,,1000,45,1.65,200,3.15,200,14,275,100,2.5,10,1,6,25,,,,,
Spiked,4,Location 3 M2,9/10/2021,BCOV,33.9,,1000,45,1.65,200,3.15,200,14,275,100,2.5,10,1,6,25,,,,,
Spiked,4,Location 3 M2,9/10/2021,BCOV,33.6,,1000,45,1.65,200,3.15,200,14,275,100,2.5,10,1,6,25,,,,,
Sample,4,Location 3 M2,9/10/2021,Disease1,33.7,,1000,200,15,200,3.15,200,14,275,100,2.5,10,1,6,25,,,,,
Sample,4,Location 3 M2,9/10/2021,Disease1,33.6,,1000,200,15,200,3.15,200,14,275,100,2.5,10,1,6,25,,,,,
Sample,4,Location 3 M2,9/10/2021,Disease1,35.1,,1000,200,15,200,3.15,200,14,275,100,2.5,10,1,6,25,,,,,
Sample,4,Location 3 M2,9/10/2021,Disease2,35.4,,1000,200,15,200,3.15,200,14,275,100,5,20,1,6,25,,,,,
Sample,4,Location 3 M2,9/10/2021,Disease2,33.7,,1000,200,15,200,3.15,200,14,275,100,5,20,1,6,25,,,,,
Sample,4,Location 3 M2,9/10/2021,Disease2,33.5,,1000,200,15,200,3.15,200,14,275,100,5,20,1,6,25,,,,,
Spiked,4,Location1,9/10/2021,BCOV,33.9,,1000,45,1.65,200,3.15,200,14,275,100,2.5,10,1,6,25,,,,,
Spiked,4,Location1,9/10/2021,BCOV,33.9,,1000,45,1.65,200,3.15,200,14,275,100,2.5,10,1,6,25,,,,,
Sample,4,Location1,9/10/2021,Disease1,33.6,,1000,45,1.65,200,3.15,200,14,275,100,2.5,10,1,6,25,,,,,
Sample,4,Location1,9/10/2021,Disease1,33.7,,1000,45,1.65,200,3.15,200,14,275,100,2.5,10,1,6,25,,,,,
Sample,4,Location1,9/10/2021,Disease1,33.6,,1000,45,1.65,200,3.15,200,14,275,100,2.5,10,1,6,25,,,,,
Sample,4,Location1,9/10/2021,Disease2,35.4,,1000,45,1.65,200,3.15,200,14,275,100,2.5,10,1,6,25,,,,,
Sample,4,Location1,9/10/2021,Disease2,33.7,,1000,45,1.65,200,3.15,200,14,275,100,2.5,10,1,6,25,,,,,
Sample,4,Location1,9/10/2021,Disease2,33.5,,1000,45,1.65,200,3.15,200,14,275,100,2.5,10,1,6,25,,,,,
Control,4,NTC,9/10/2021,BCOV,33.9,,1000,45,1.65,200,3.15,200,14,275,100,2.5,10,1,6,25,,,,,
Control,4,NTC,9/10/2021,BCOV,33.9,,1000,45,1.65,200,3.15,200,14,275,100,2.5,10,1,6,25,,,,,
Control,4,NTC,9/10/2021,Disease1,33.6,,1000,45,1.65,200,3.15,200,14,275,100,2.5,10,1,6,25,,,,,
Control,4,NTC,9/10/2021,Disease1,33.7,,1000,45,1.65,200,3.15,200,14,275,100,2.5,10,1,6,25,,,,,
Control,4,NTC,9/10/2021,Disease2,33.6,,1000,45,1.65,200,3.15,200,14,275,100,2.5,10,1,6,25,,,,,
Control,4,NTC,9/10/2021,Disease2,Undetermined,,1000,45,1.65,200,3.15,200,14,275,100,2.5,10,1,6,25,,,,,
Control,4,Postive Control,9/10/2021,Disease1,21,,1000,45,1.65,200,3.15,200,14,275,100,2.5,10,1,6,25,,,,,
Control,4,Postive Control,9/10/2021,Disease1,21,,1000,45,1.65,200,3.15,200,14,275,100,2.5,10,1,6,25,,,,,
Standards,4,S1,9/10/2021,Disease1,26,10000,1000,45,1.65,200,3.15,200,14,275,100,2.5,10,1,6,25,,,,,
Standards,4,S1,9/10/2021,Disease1,26,10000,1000,45,1.65,200,3.15,200,14,275,100,2.5,10,1,6,25,,,,,
Standards,4,S1,9/10/2021,Disease2,33.7,10000,1000,45,1.65,200,3.15,200,14,275,100,2.5,10,1,6,25,,,,,
Standards,4,S1,9/10/2021,Disease2,33.8,10000,1000,45,1.65,200,3.15,200,14,275,100,2.5,10,1,6,25,,,,,
Standards,4,S2,9/10/2021,Disease1,27,5000,1000,45,1.65,200,3.15,200,14,275,100,2.5,10,1,6,25,,,,,
Standards,4,S2,9/10/2021,Disease1,27,5000,1000,45,1.65,200,3.15,200,14,275,100,2.5,10,1,6,25,,,,,
Standards,4,S2,9/10/2021,Disease2,33.9,5000,1000,45,1.65,200,3.15,200,14,275,100,2.5,10,1,6,25,,,,,
Standards,4,S2,9/10/2021,Disease2,27,5000,1000,45,1.65,200,3.15,200,14,275,100,2.5,10,1,6,25,,,,,
Standards,4,S3,9/10/2021,Disease1,28,2500,1000,45,1.65,200,3.15,200,14,275,100,2.5,10,1,6,25,,,,,
Standards,4,S3,9/10/2021,Disease1,28,2500,1000,45,1.65,200,3.15,200,14,275,100,2.5,10,1,6,25,,,,,
Standards,4,S3,9/10/2021,Disease2,28,2500,1000,45,1.65,200,3.15,200,14,275,100,2.5,10,1,6,25,,,,,
Standards,4,S3,9/10/2021,Disease2,28,2500,1000,45,1.65,200,3.15,200,14,275,100,2.5,10,1,6,25,,,,,
Standards,4,S4,9/10/2021,Disease1,29,1250,1000,45,1.65,200,3.15,200,14,275,100,2.5,10,1,6,25,,,,,
Standards,4,S4,9/10/2021,Disease1,29,1250,1000,45,1.65,200,3.15,200,14,275,100,2.5,10,1,6,25,,,,,
Standards,4,S4,9/10/2021,Disease2,29,1250,1000,45,1.65,200,3.15,200,14,275,100,2.5,10,1,6,25,,,,,
Standards,4,S4,9/10/2021,Disease2,29,1250,1000,45,1.65,200,3.15,200,14,275,100,2.5,10,1,6,25,,,,,
Standards,4,S5,9/10/2021,Disease1,30,625,1000,45,1.65,200,3.15,200,14,275,100,2.5,10,1,6,25,,,,,
Standards,4,S5,9/10/2021,Disease1,30,625,1000,45,1.65,200,3.15,200,14,275,100,2.5,10,1,6,25,,,,,
Standards,4,S5,9/10/2021,Disease2,30,625,1000,45,1.65,200,3.15,200,14,275,100,2.5,10,1,6,25,,,,,
Standards,4,S5,9/10/2021,Disease2,30,625,1000,45,1.65,200,3.15,200,14,275,100,2.5,10,1,6,25,,,,,
Standards,4,S6,9/10/2021,Disease1,31,156.25,1000,45,1.65,200,3.15,200,14,275,100,2.5,10,1,6,25,,,,,
Standards,4,S6,9/10/2021,Disease1,31,156.25,1000,45,1.65,200,3.15,200,14,275,100,2.5,10,1,6,25,,,,,
Standards,4,S6,9/10/2021,Disease2,31,156.25,1000,45,1.65,200,3.15,200,14,275,100,2.5,10,1,6,25,,,,,
Standards,4,S6,9/10/2021,Disease2,31,156.25,1000,45,1.65,200,3.15,200,14,275,100,2.5,10,1,6,25,,,,,
Standards,4,S7,9/10/2021,Disease1,32,39.0625,1000,45,1.65,200,3.15,200,14,275,100,2.5,10,1,6,25,,,,,
Standards,4,S7,9/10/2021,Disease1,33,39.0625,1000,45,1.65,200,3.15,200,14,275,100,2.5,10,1,6,25,,,,,
Standards,4,S7,9/10/2021,Disease2,32,39.0625,1000,45,1.65,200,3.15,200,14,275,100,2.5,10,1,6,25,,,,,
Standards,4,S7,9/10/2021,Disease2,33,39.0625,1000,45,1.65,200,3.15,200,14,275,100,2.5,10,1,6,25,,,,,
Standards,4,S8,9/10/2021,Disease1,34,9.765625,1000,45,1.65,200,3.15,200,14,275,100,2.5,10,1,6,25,,,,,
Standards,4,S8,9/10/2021,Disease1,34,9.765625,1000,45,1.65,200,3.15,200,14,275,100,2.5,10,1,6,25,,,,,
Standards,4,S8,9/10/2021,Disease2,34,9.765625,1000,45,1.65,200,3.15,200,14,275,100,2.5,10,1,6,25,,,,,
Standards,4,S8,9/10/2021,Disease2,34,9.765625,1000,45,1.65,200,3.15,200,14,275,100,2.5,10,1,6,25,,,,,
Matrix,4,Water + BCOV,9/10/2021,BCOV,23,,1000,45,1.65,200,3.15,200,14,275,100,2.5,10,1,6,25,,,,,
Matrix,4,Water + BCOV,9/10/2021,BCOV,23,,1000,45,1.65,200,3.15,200,14,275,100,2.5,10,1,6,25,,,,,
Spiked,5,Location 2,28/10/2021,BCOV,22.4,,1000,45,1.65,200,3.15,200,14,275,100,2.5,10,1,6,25,,,,,
Spiked,5,Location 2,28/10/2021,BCOV,22.4,,1000,45,1.65,200,3.15,200,14,275,100,2.5,10,1,6,25,,,,,
Sample,5,Location 2,28/10/2021,Disease1,35.4,,1000,45,1.65,200,3.15,200,14,275,100,2.5,10,1,6,25,,,,,
Sample,5,Location 2,28/10/2021,Disease1,36,,1000,45,1.65,200,3.15,200,14,275,100,2.5,10,1,6,25,,,,,
Sample,5,Location 2,28/10/2021,Disease1,35.5,,1000,45,1.65,200,3.15,200,14,275,100,2.5,10,1,6,25,,,,,
Sample,5,Location 2,30/10/2021,Disease1,35.9,,1000,45,1.65,200,3.15,200,14,275,100,2.5,10,1,6,25,,,,,
Sample,5,Location 2,30/10/2021,Disease1,36,,1000,45,1.65,200,3.15,200,14,275,100,2.5,10,1,6,25,,,,,
Sample,5,Location 2,30/10/2021,Disease1,36,,1000,45,1.65,200,3.15,200,14,275,100,2.5,10,1,6,25,,,,,
Sample,5,Location 2,28/10/2021,Disease2,35.3,,1000,45,1.65,200,3.15,200,14,275,100,2.5,10,1,6,25,,,,,
Sample,5,Location 2,28/10/2021,Disease2,35.4,,1000,45,1.65,200,3.15,200,14,275,100,2.5,10,1,6,25,,,,,
Sample,5,Location 2,28/10/2021,Disease2,35.8,,1000,45,1.65,200,3.15,200,14,275,100,2.5,10,1,6,25,,,,,
Sample,5,Location 2,30/10/2021,Disease2,33.6,,1000,45,1.65,200,3.15,200,14,275,100,2.5,10,1,6,25,,,,,
Sample,5,Location 2,30/10/2021,Disease2,34,,1000,45,1.65,200,3.15,200,14,275,100,2.5,10,1,6,25,,,,,
Sample,5,Location 2,30/10/2021,Disease2,33.5,,1000,45,1.65,200,3.15,200,14,275,100,2.5,10,1,6,25,,,,,
Spiked,5,Location 3 M2,28/10/2021,BCOV,33.7,,1000,45,1.65,200,3.15,200,14,275,100,2.5,10,1,6,25,,,,,
Spiked,5,Location 3 M2,28/10/2021,BCOV,33.7,,1000,45,1.65,200,3.15,200,14,275,100,2.5,10,1,6,25,,,,,
Sample,5,Location 3 M2,28/10/2021,Disease1,33.6,,1000,200,15,200,3.15,200,14,275,100,2.5,10,1,6,25,,,,,
Sample,5,Location 3 M2,28/10/2021,Disease1,35.4,,1000,200,15,200,3.15,200,14,275,100,2.5,10,1,6,25,,,,,
Sample,5,Location 3 M2,28/10/2021,Disease1,36,,1000,200,15,200,3.15,200,14,275,100,2.5,10,1,6,25,,,,,
Sample,5,Location 3 M2,30/10/2021,Disease1,35.2,,1000,200,15,200,3.15,200,14,275,100,2.5,10,1,6,25,,,,,
Sample,5,Location 3 M2,30/10/2021,Disease1,35.5,,1000,200,15,200,3.15,200,14,275,100,2.5,10,1,6,25,,,,,
Sample,5,Location 3 M2,30/10/2021,Disease1,35.9,,1000,200,15,200,3.15,200,14,275,100,2.5,10,1,6,25,,,,,
Sample,5,Location 3 M2,28/10/2021,Disease2,36,,1000,200,15,200,3.15,200,14,275,100,5,20,1,6,25,,,,,
Sample,5,Location 3 M2,28/10/2021,Disease2,36,,1000,200,15,200,3.15,200,14,275,100,5,20,1,6,25,,,,,
Sample,5,Location 3 M2,28/10/2021,Disease2,35.3,,1000,200,15,200,3.15,200,14,275,100,5,20,1,6,25,,,,,
Sample,5,Location 3 M2,30/10/2021,Disease2,35.4,,1000,200,15,200,3.15,200,14,275,100,5,20,1,6,25,,,,,
Sample,5,Location 3 M2,30/10/2021,Disease2,35.8,,1000,200,15,200,3.15,200,14,275,100,5,20,1,6,25,,,,,
Sample,5,Location 3 M2,30/10/2021,Disease2,34,,1000,200,15,200,3.15,200,14,275,100,5,20,1,6,25,,,,,
Spiked,5,Location1,28/10/2021,BCOV,33.5,,1000,45,1.65,200,3.15,200,14,275,100,2.5,10,1,6,25,,,,,
Spiked,5,Location1,28/10/2021,BCOV,33.7,,1000,45,1.65,200,3.15,200,14,275,100,2.5,10,1,6,25,,,,,
Sample,5,Location1,28/10/2021,Disease1,33.7,,1000,45,1.65,200,3.15,200,14,275,100,2.5,10,1,6,25,,,,,
Sample,5,Location1,28/10/2021,Disease1,35.5,,1000,45,1.65,200,3.15,200,14,275,100,2.5,10,1,6,25,,,,,
Sample,5,Location1,28/10/2021,Disease1,35.9,,1000,45,1.65,200,3.15,200,14,275,100,2.5,10,1,6,25,,,,,
Sample,5,Location1,30/10/2021,Disease1,36,,1000,45,1.65,200,3.15,200,14,275,100,2.5,10,1,6,25,,,,,
Sample,5,Location1,30/10/2021,Disease1,36,,1000,45,1.65,200,3.15,200,14,275,100,2.5,10,1,6,25,,,,,
Sample,5,Location1,30/10/2021,Disease1,35.3,,1000,45,1.65,200,3.15,200,14,275,100,2.5,10,1,6,25,,,,,
Sample,5,Location1,28/10/2021,Disease2,35.4,,1000,45,1.65,200,3.15,200,14,275,100,2.5,10,1,6,25,,,,,
Sample,5,Location1,28/10/2021,Disease2,35.8,,1000,45,1.65,200,3.15,200,14,275,100,2.5,10,1,6,25,,,,,
Sample,5,Location1,28/10/2021,Disease2,35.6,,1000,45,1.65,200,3.15,200,14,275,100,2.5,10,1,6,25,,,,,
Sample,5,Location1,30/10/2021,Disease2,35.1,,1000,45,1.65,200,3.15,200,14,275,100,2.5,10,1,6,25,,,,,
Sample,5,Location1,30/10/2021,Disease2,35.9,,1000,45,1.65,200,3.15,200,14,275,100,2.5,10,1,6,25,,,,,
Sample,5,Location1,30/10/2021,Disease2,34,,1000,45,1.65,200,3.15,200,14,275,100,2.5,10,1,6,25,,,,,
Control,5,NTC,28/10/2021,BCOV,33.5,,1000,45,1.65,200,3.15,200,14,275,100,2.5,10,1,6,25,,,,,
Control,5,NTC,28/10/2021,BCOV,33.7,,1000,45,1.65,200,3.15,200,14,275,100,2.5,10,1,6,25,,,,,
Control,5,NTC,28/10/2021,Disease1,33.7,,1000,45,1.65,200,3.15,200,14,275,100,2.5,10,1,6,25,,,,,
Control,5,NTC,28/10/2021,Disease1,33.6,,1000,45,1.65,200,3.15,200,14,275,100,2.5,10,1,6,25,,,,,
Control,5,NTC,28/10/2021,Disease2,34,,1000,45,1.65,200,3.15,200,14,275,100,2.5,10,1,6,25,,,,,
Control,5,NTC,28/10/2021,Disease2,33.9,,1000,45,1.65,200,3.15,200,14,275,100,2.5,10,1,6,25,,,,,
Control,5,Postive Control,28/10/2021,Disease1,33.8,,1000,45,1.65,200,3.15,200,14,275,100,2.5,10,1,6,25,,,,,
Control,5,Postive Control,28/10/2021,Disease1,21,,1000,45,1.65,200,3.15,200,14,275,100,2.5,10,1,6,25,,,,,
Standards,5,S1,28/10/2021,Disease1,26.2,10000,1000,45,1.65,200,3.15,200,14,275,100,2.5,10,1,6,25,,,,,
Standards,5,S1,28/10/2021,Disease1,26.5,10000,1000,45,1.65,200,3.15,200,14,275,100,2.5,10,1,6,25,,,,,
Standards,5,S1,28/10/2021,Disease2,33.6,10000,1000,45,1.65,200,3.15,200,14,275,100,2.5,10,1,6,25,,,,,
Standards,5,S1,28/10/2021,Disease2,33.8,10000,1000,45,1.65,200,3.15,200,14,275,100,2.5,10,1,6,25,,,,,
Standards,5,S2,28/10/2021,Disease1,27.4,5000,1000,45,1.65,200,3.15,200,14,275,100,2.5,10,1,6,25,,,,,
Standards,5,S2,28/10/2021,Disease1,26.9,5000,1000,45,1.65,200,3.15,200,14,275,100,2.5,10,1,6,25,,,,,
Standards,5,S2,28/10/2021,Disease2,33.8,5000,1000,45,1.65,200,3.15,200,14,275,100,2.5,10,1,6,25,,,,,
Standards,5,S2,28/10/2021,Disease2,27,5000,1000,45,1.65,200,3.15,200,14,275,100,2.5,10,1,6,25,,,,,
Standards,5,S3,28/10/2021,Disease1,28.5,2500,1000,45,1.65,200,3.15,200,14,275,100,2.5,10,1,6,25,,,,,
Standards,5,S3,28/10/2021,Disease1,28.7,2500,1000,45,1.65,200,3.15,200,14,275,100,2.5,10,1,6,25,,,,,
Standards,5,S3,28/10/2021,Disease2,28,2500,1000,45,1.65,200,3.15,200,14,275,100,2.5,10,1,6,25,,,,,
Standards,5,S3,28/10/2021,Disease2,28,2500,1000,45,1.65,200,3.15,200,14,275,100,2.5,10,1,6,25,,,,,
Standards,5,S4,28/10/2021,Disease1,29.3,1250,1000,45,1.65,200,3.15,200,14,275,100,2.5,10,1,6,25,,,,,
Standards,5,S4,28/10/2021,Disease1,29.5,1250,1000,45,1.65,200,3.15,200,14,275,100,2.5,10,1,6,25,,,,,
Standards,5,S4,28/10/2021,Disease2,29,1250,1000,45,1.65,200,3.15,200,14,275,100,2.5,10,1,6,25,,,,,
Standards,5,S4,28/10/2021,Disease2,29,1250,1000,45,1.65,200,3.15,200,14,275,100,2.5,10,1,6,25,,,,,
Standards,5,S5,28/10/2021,Disease1,30.1,625,1000,45,1.65,200,3.15,200,14,275,100,2.5,10,1,6,25,,,,,
Standards,5,S5,28/10/2021,Disease1,31.4,625,1000,45,1.65,200,3.15,200,14,275,100,2.5,10,1,6,25,,,,,
Standards,5,S5,28/10/2021,Disease2,30,625,1000,45,1.65,200,3.15,200,14,275,100,2.5,10,1,6,25,,,,,
Standards,5,S5,28/10/2021,Disease2,30,625,1000,45,1.65,200,3.15,200,14,275,100,2.5,10,1,6,25,,,,,
Standards,5,S6,28/10/2021,Disease1,31.5,156.25,1000,45,1.65,200,3.15,200,14,275,100,2.5,10,1,6,25,,,,,
Standards,5,S6,28/10/2021,Disease1,31.45,156.25,1000,45,1.65,200,3.15,200,14,275,100,2.5,10,1,6,25,,,,,
Standards,5,S6,28/10/2021,Disease2,31,156.25,1000,45,1.65,200,3.15,200,14,275,100,2.5,10,1,6,25,,,,,
Standards,5,S6,28/10/2021,Disease2,31,156.25,1000,45,1.65,200,3.15,200,14,275,100,2.5,10,1,6,25,,,,,
Standards,5,S7,28/10/2021,Disease1,33.5,39.0625,1000,45,1.65,200,3.15,200,14,275,100,2.5,10,1,6,25,,,,,
Standards,5,S7,28/10/2021,Disease1,33,39.0625,1000,45,1.65,200,3.15,200,14,275,100,2.5,10,1,6,25,,,,,
Standards,5,S7,28/10/2021,Disease2,32,39.0625,1000,45,1.65,200,3.15,200,14,275,100,2.5,10,1,6,25,,,,,
Standards,5,S7,28/10/2021,Disease2,33,39.0625,1000,45,1.65,200,3.15,200,14,275,100,2.5,10,1,6,25,,,,,
Standards,5,S8,28/10/2021,Disease1,34.7,9.765625,1000,45,1.65,200,3.15,200,14,275,100,2.5,10,1,6,25,,,,,
Standards,5,S8,28/10/2021,Disease1,34.2,9.765625,1000,45,1.65,200,3.15,200,14,275,100,2.5,10,1,6,25,,,,,
Standards,5,S8,28/10/2021,Disease2,34,9.765625,1000,45,1.65,200,3.15,200,14,275,100,2.5,10,1,6,25,,,,,
Standards,5,S8,28/10/2021,Disease2,34,9.765625,1000,45,1.65,200,3.15,200,14,275,100,2.5,10,1,6,25,,,,,
Matrix,5,Water + BCOV,28/10/2021,BCOV,23,,1000,45,1.65,200,3.15,200,14,275,100,2.5,10,1,6,25,,,,,
Matrix,5,Water + BCOV,28/10/2021,BCOV,23,,1000,45,1.65,200,3.15,200,14,275,100,2.5,10,1,6,25,,,,,
Spiked,6,Location 2,1/11/2021,BCOV,22.4,,1000,45,1.65,200,3.15,200,14,275,100,2.5,10,1,6,25,,,,,
Spiked,6,Location 2,1/11/2021,BCOV,22.4,,1000,45,1.65,200,3.15,200,14,275,100,2.5,10,1,6,25,,,,,
Sample,6,Location 2,1/11/2021,Disease1,32,,1000,45,1.65,200,3.15,200,14,275,100,2.5,10,1,6,25,,,,,
Sample,6,Location 2,1/11/2021,Disease1,32.1,,1000,45,1.65,200,3.15,200,14,275,100,2.5,10,1,6,25,,,,,
Sample,6,Location 2,1/11/2021,Disease1,31.9,,1000,45,1.65,200,3.15,200,14,275,100,2.5,10,1,6,25,,,,,
Sample,6,Location 2,1/11/2021,Disease2,31.8,,1000,45,1.65,200,3.15,200,14,275,100,2.5,10,1,6,25,,,,,
Sample,6,Location 2,1/11/2021,Disease2,32.2,,1000,45,1.65,200,3.15,200,14,275,100,2.5,10,1,6,25,,,,,
Sample,6,Location 2,1/11/2021,Disease2,32,,1000,45,1.65,200,3.15,200,14,275,100,2.5,10,1,6,25,,,,,
Spiked,6,Location 3 M2,1/11/2021,BCOV,32,,1000,45,1.65,200,3.15,200,14,275,100,2.5,10,1,6,25,,,,,
Spiked,6,Location 3 M2,1/11/2021,BCOV,22.4,,1000,45,1.65,200,3.15,200,14,275,100,2.5,10,1,6,25,,,,,
Sample,6,Location 3 M2,1/11/2021,Disease1,32.0000,,1000,200,15,200,3.15,200,14,275,100,2.5,10,1,6,25,,,,,
Sample,6,Location 3 M2,1/11/2021,Disease1,32.1000,,1000,200,15,200,3.15,200,14,275,100,2.5,10,1,6,25,,,,,
Sample,6,Location 3 M2,1/11/2021,Disease1,31.9,,1000,200,15,200,3.15,200,14,275,100,2.5,10,1,6,25,,,,,
Sample,6,Location 3 M2,1/11/2021,Disease2,32.4,,1000,200,15,200,3.15,200,14,275,100,5,20,1,6,25,,,,,
Sample,6,Location 3 M2,1/11/2021,Disease2,32,,1000,200,15,200,3.15,200,14,275,100,5,20,1,6,25,,,,,
Sample,6,Location 3 M2,1/11/2021,Disease2,33.4,,1000,200,15,200,3.15,200,14,275,100,5,20,1,6,25,,,,,
Spiked,6,Location1,1/11/2021,BCOV,22.4,,1000,45,1.65,200,3.15,200,14,275,100,2.5,10,1,6,25,,,,,
Spiked,6,Location1,1/11/2021,BCOV,22.4,,1000,45,1.65,200,3.15,200,14,275,100,2.5,10,1,6,25,,,,,
Sample,6,Location1,1/11/2021,Disease1,32.0000,,1000,45,1.65,200,3.15,200,14,275,100,2.5,10,1,6,25,,,,,
Sample,6,Location1,1/11/2021,Disease1,32,,1000,45,1.65,200,3.15,200,14,275,100,2.5,10,1,6,25,,,,,
Sample,6,Location1,1/11/2021,Disease1,32.1,,1000,45,1.65,200,3.15,200,14,275,100,2.5,10,1,6,25,,,,,
Sample,6,Location1,1/11/2021,Disease2,31.9,,1000,45,1.65,200,3.15,200,14,275,100,2.5,10,1,6,25,,,,,
Sample,6,Location1,1/11/2021,Disease2,31.8,,1000,45,1.65,200,3.15,200,14,275,100,2.5,10,1,6,25,,,,,
Sample,6,Location1,1/11/2021,Disease2,32.2,,1000,45,1.65,200,3.15,200,14,275,100,2.5,10,1,6,25,,,,,
Control,6,NTC,1/11/2021,BCOV,32,,1000,45,1.65,200,3.15,200,14,275,100,2.5,10,1,6,25,,,,,
Control,6,NTC,1/11/2021,BCOV,Undetermined,,1000,45,1.65,200,3.15,200,14,275,100,2.5,10,1,6,25,,,,,
Control,6,NTC,1/11/2021,Disease1,Undetermined,,1000,45,1.65,200,3.15,200,14,275,100,2.5,10,1,6,25,,,,,
Control,6,NTC,1/11/2021,Disease1,Undetermined,,1000,45,1.65,200,3.15,200,14,275,100,2.5,10,1,6,25,,,,,
Control,6,NTC,1/11/2021,Disease2,Undetermined,,1000,45,1.65,200,3.15,200,14,275,100,2.5,10,1,6,25,,,,,
Control,6,NTC,1/11/2021,Disease2,Undetermined,,1000,45,1.65,200,3.15,200,14,275,100,2.5,10,1,6,25,,,,,
Control,6,Postive Control,1/11/2021,Disease1,21,,1000,45,1.65,200,3.15,200,14,275,100,2.5,10,1,6,25,,,,,
Control,6,Postive Control,1/11/2021,Disease1,21,,1000,45,1.65,200,3.15,200,14,275,100,2.5,10,1,6,25,,,,,
Standards,6,S1,1/11/2021,Disease1,26,10000,1000,45,1.65,200,3.15,200,14,275,100,2.5,10,1,6,25,,,,,
Standards,6,S1,1/11/2021,Disease1,26,10000,1000,45,1.65,200,3.15,200,14,275,100,2.5,10,1,6,25,,,,,
Standards,6,S1,1/11/2021,Disease2,26,10000,1000,45,1.65,200,3.15,200,14,275,100,2.5,10,1,6,25,,,,,
Standards,6,S1,1/11/2021,Disease2,26,10000,1000,45,1.65,200,3.15,200,14,275,100,2.5,10,1,6,25,,,,,
Standards,6,S2,1/11/2021,Disease1,27,5000,1000,45,1.65,200,3.15,200,14,275,100,2.5,10,1,6,25,,,,,
Standards,6,S2,1/11/2021,Disease1,27,5000,1000,45,1.65,200,3.15,200,14,275,100,2.5,10,1,6,25,,,,,
Standards,6,S2,1/11/2021,Disease2,27,5000,1000,45,1.65,200,3.15,200,14,275,100,2.5,10,1,6,25,,,,,
Standards,6,S2,1/11/2021,Disease2,27,5000,1000,45,1.65,200,3.15,200,14,275,100,2.5,10,1,6,25,,,,,
Standards,6,S3,1/11/2021,Disease1,28,2500,1000,45,1.65,200,3.15,200,14,275,100,2.5,10,1,6,25,,,,,
Standards,6,S3,1/11/2021,Disease1,28,2500,1000,45,1.65,200,3.15,200,14,275,100,2.5,10,1,6,25,,,,,
Standards,6,S3,1/11/2021,Disease2,28,2500,1000,45,1.65,200,3.15,200,14,275,100,2.5,10,1,6,25,,,,,
Standards,6,S3,1/11/2021,Disease2,28,2500,1000,45,1.65,200,3.15,200,14,275,100,2.5,10,1,6,25,,,,,
Standards,6,S4,1/11/2021,Disease1,29,1250,1000,45,1.65,200,3.15,200,14,275,100,2.5,10,1,6,25,,,,,
Standards,6,S4,1/11/2021,Disease1,29,1250,1000,45,1.65,200,3.15,200,14,275,100,2.5,10,1,6,25,,,,,
Standards,6,S4,1/11/2021,Disease2,29,1250,1000,45,1.65,200,3.15,200,14,275,100,2.5,10,1,6,25,,,,,
Standards,6,S4,1/11/2021,Disease2,29,1250,1000,45,1.65,200,3.15,200,14,275,100,2.5,10,1,6,25,,,,,
Standards,6,S5,1/11/2021,Disease1,30,625,1000,45,1.65,200,3.15,200,14,275,100,2.5,10,1,6,25,,,,,
Standards,6,S5,1/11/2021,Disease1,30,625,1000,45,1.65,200,3.15,200,14,275,100,2.5,10,1,6,25,,,,,
Standards,6,S5,1/11/2021,Disease2,30,625,1000,45,1.65,200,3.15,200,14,275,100,2.5,10,1,6,25,,,,,
Standards,6,S5,1/11/2021,Disease2,30,625,1000,45,1.65,200,3.15,200,14,275,100,2.5,10,1,6,25,,,,,
Standards,6,S6,1/11/2021,Disease1,31,156.25,1000,45,1.65,200,3.15,200,14,275,100,2.5,10,1,6,25,,,,,
Standards,6,S6,1/11/2021,Disease1,31,156.25,1000,45,1.65,200,3.15,200,14,275,100,2.5,10,1,6,25,,,,,
Standards,6,S6,1/11/2021,Disease2,31,156.25,1000,45,1.65,200,3.15,200,14,275,100,2.5,10,1,6,25,,,,,
Standards,6,S6,1/11/2021,Disease2,31,156.25,1000,45,1.65,200,3.15,200,14,275,100,2.5,10,1,6,25,,,,,
Standards,6,S7,1/11/2021,Disease1,32,39.0625,1000,45,1.65,200,3.15,200,14,275,100,2.5,10,1,6,25,,,,,
Standards,6,S7,1/11/2021,Disease1,33,39.0625,1000,45,1.65,200,3.15,200,14,275,100,2.5,10,1,6,25,,,,,
Standards,6,S7,1/11/2021,Disease2,32,39.0625,1000,45,1.65,200,3.15,200,14,275,100,2.5,10,1,6,25,,,,,
Standards,6,S7,1/11/2021,Disease2,33,39.0625,1000,45,1.65,200,3.15,200,14,275,100,2.5,10,1,6,25,,,,,
Standards,6,S8,1/11/2021,Disease1,34,9.765625,1000,45,1.65,200,3.15,200,14,275,100,2.5,10,1,6,25,,,,,
Standards,6,S8,1/11/2021,Disease1,34,9.765625,1000,45,1.65,200,3.15,200,14,275,100,2.5,10,1,6,25,,,,,
Standards,6,S8,1/11/2021,Disease2,34,9.765625,1000,45,1.65,200,3.15,200,14,275,100,2.5,10,1,6,25,,,,,
Standards,6,S8,1/11/2021,Disease2,34,9.765625,1000,45,1.65,200,3.15,200,14,275,100,2.5,10,1,6,25,,,,,
Matrix,6,Water + BCOV,1/11/2021,BCOV,23,,1000,45,1.65,200,3.15,200,14,275,100,2.5,10,1,6,25,,,,,
Matrix,6,Water + BCOV,1/11/2021,BCOV,23,,1000,45,1.65,200,3.15,200,14,275,100,2.5,10,1,6,25,,,,,
Spiked,7,Location 2,17/11/2021,BCOV,22.4,,1000,45,1.65,200,3.15,200,14,275,100,2.5,10,1,6,25,,,,,
Spiked,7,Location 2,17/11/2021,BCOV,22.4,,1000,45,1.65,200,3.15,200,14,275,100,2.5,10,1,6,25,,,,,
Sample,7,Location 2,17/11/2021,Disease1,32.2000,,1000,45,1.65,200,3.15,200,14,275,100,2.5,10,1,6,25,,,,,
Sample,7,Location 2,17/11/2021,Disease1,32.2000,,1000,45,1.65,200,3.15,200,14,275,100,2.5,10,1,6,25,,,,,
Sample,7,Location 2,17/11/2021,Disease1,32.1,,1000,45,1.65,200,3.15,200,14,275,100,2.5,10,1,6,25,,,,,
Sample,7,Location 2,19/11/2021,Disease1,31.9,,1000,45,1.65,200,3.15,200,14,275,100,2.5,10,1,6,25,,,,,
Sample,7,Location 2,19/11/2021,Disease1,31.9,,1000,45,1.65,200,3.15,200,14,275,100,2.5,10,1,6,25,,,,,
Sample,7,Location 2,19/11/2021,Disease1,32.4,,1000,45,1.65,200,3.15,200,14,275,100,2.5,10,1,6,25,,,,,
Sample,7,Location 2,17/11/2021,Disease2,32,,1000,45,1.65,200,3.15,200,14,275,100,2.5,10,1,6,25,,,,,
Sample,7,Location 2,17/11/2021,Disease2,33.3,,1000,45,1.65,200,3.15,200,14,275,100,2.5,10,1,6,25,,,,,
Sample,7,Location 2,17/11/2021,Disease2,33.2,,1000,45,1.65,200,3.15,200,14,275,100,2.5,10,1,6,25,,,,,
Sample,7,Location 2,19/11/2021,Disease2,33.1,,1000,45,1.65,200,3.15,200,14,275,100,2.5,10,1,6,25,,,,,
Sample,7,Location 2,19/11/2021,Disease2,33.6,,1000,45,1.65,200,3.15,200,14,275,100,2.5,10,1,6,25,,,,,
Sample,7,Location 2,19/11/2021,Disease2,33.6,,1000,45,1.65,200,3.15,200,14,275,100,2.5,10,1,6,25,,,,,
Spiked,7,Location 3 M2,17/11/2021,BCOV,22.4,,1000,45,1.65,200,3.15,200,14,275,100,2.5,10,1,6,25,,,,,
Spiked,7,Location 3 M2,17/11/2021,BCOV,22.4,,1000,45,1.65,200,3.15,200,14,275,100,2.5,10,1,6,25,,,,,
Sample,7,Location 3 M2,17/11/2021,Disease1,32.5,,1000,200,15,200,3.15,200,14,275,100,2.5,10,1,6,25,,,,,
Sample,7,Location 3 M2,17/11/2021,Disease1,32.3,,1000,200,15,200,3.15,200,14,275,100,2.5,10,1,6,25,,,,,
Sample,7,Location 3 M2,17/11/2021,Disease1,32.3,,1000,200,15,200,3.15,200,14,275,100,2.5,10,1,6,25,,,,,
Sample,7,Location 3 M2,19/11/2021,Disease1,32.1,,1000,200,15,200,3.15,200,14,275,100,2.5,10,1,6,25,,,,,
Sample,7,Location 3 M2,19/11/2021,Disease1,32.3,,1000,200,15,200,3.15,200,14,275,100,2.5,10,1,6,25,,,,,
Sample,7,Location 3 M2,19/11/2021,Disease1,32.5,,1000,200,15,200,3.15,200,14,275,100,2.5,10,1,6,25,,,,,
Sample,7,Location 3 M2,17/11/2021,Disease2,31.9,,1000,200,15,200,3.15,200,14,275,100,5,20,1,6,25,,,,,
Sample,7,Location 3 M2,17/11/2021,Disease2,31.8,,1000,200,15,200,3.15,200,14,275,100,5,20,1,6,25,,,,,
Sample,7,Location 3 M2,17/11/2021,Disease2,32.2,,1000,200,15,200,3.15,200,14,275,100,5,20,1,6,25,,,,,
Sample,7,Location 3 M2,19/11/2021,Disease2,34,,1000,200,15,200,3.15,200,14,275,100,5,20,1,6,25,,,,,
Sample,7,Location 3 M2,19/11/2021,Disease2,33,,1000,200,15,200,3.15,200,14,275,100,5,20,1,6,25,,,,,
Sample,7,Location 3 M2,19/11/2021,Disease2,33.4,,1000,200,15,200,3.15,200,14,275,100,5,20,1,6,25,,,,,
Spiked,7,Location1,17/11/2021,BCOV,22.4,,1000,45,1.65,200,3.15,200,14,275,100,2.5,10,1,6,25,,,,,
Spiked,7,Location1,17/11/2021,BCOV,22.4,,1000,45,1.65,200,3.15,200,14,275,100,2.5,10,1,6,25,,,,,
Sample,7,Location1,17/11/2021,Disease1,32.3,,1000,45,1.65,200,3.15,200,14,275,100,2.5,10,1,6,25,,,,,
Sample,7,Location1,17/11/2021,Disease1,32.2000,,1000,45,1.65,200,3.15,200,14,275,100,2.5,10,1,6,25,,,,,
Sample,7,Location1,17/11/2021,Disease1,32.1000,,1000,45,1.65,200,3.15,200,14,275,100,2.5,10,1,6,25,,,,,
Sample,7,Location1,19/11/2021,Disease1,32.5,,1000,45,1.65,200,3.15,200,14,275,100,2.5,10,1,6,25,,,,,
Sample,7,Location1,19/11/2021,Disease1,32.3,,1000,45,1.65,200,3.15,200,14,275,100,2.5,10,1,6,25,,,,,
Sample,7,Location1,19/11/2021,Disease1,32.3,,1000,45,1.65,200,3.15,200,14,275,100,2.5,10,1,6,25,,,,,
Sample,7,Location1,17/11/2021,Disease2,32.1,,1000,45,1.65,200,3.15,200,14,275,100,2.5,10,1,6,25,,,,,
Sample,7,Location1,17/11/2021,Disease2,32.3,,1000,45,1.65,200,3.15,200,14,275,100,2.5,10,1,6,25,,,,,
Sample,7,Location1,17/11/2021,Disease2,32.5,,1000,45,1.65,200,3.15,200,14,275,100,2.5,10,1,6,25,,,,,
Sample,7,Location1,19/11/2021,Disease2,33.7,,1000,45,1.65,200,3.15,200,14,275,100,2.5,10,1,6,25,,,,,
Sample,7,Location1,19/11/2021,Disease2,33.5,,1000,45,1.65,200,3.15,200,14,275,100,2.5,10,1,6,25,,,,,
Sample,7,Location1,19/11/2021,Disease2,33.1,,1000,45,1.65,200,3.15,200,14,275,100,2.5,10,1,6,25,,,,,
Control,7,NTC,17/11/2021,BCOV,Undetermined,,1000,45,1.65,200,3.15,200,14,275,100,2.5,10,1,6,25,,,,,
Control,7,NTC,17/11/2021,BCOV,Undetermined,,1000,45,1.65,200,3.15,200,14,275,100,2.5,10,1,6,25,,,,,
Control,7,NTC,17/11/2021,Disease1,Undetermined,,1000,45,1.65,200,3.15,200,14,275,100,2.5,10,1,6,25,,,,,
Control,7,NTC,17/11/2021,Disease1,Undetermined,,1000,45,1.65,200,3.15,200,14,275,100,2.5,10,1,6,25,,,,,
Control,7,NTC,17/11/2021,Disease2,Undetermined,,1000,45,1.65,200,3.15,200,14,275,100,2.5,10,1,6,25,,,,,
Control,7,NTC,17/11/2021,Disease2,Undetermined,,1000,45,1.65,200,3.15,200,14,275,100,2.5,10,1,6,25,,,,,
Control,7,Postive Control,17/11/2021,Disease1,21,,1000,45,1.65,200,3.15,200,14,275,100,2.5,10,1,6,25,,,,,
Control,7,Postive Control,17/11/2021,Disease1,21,,1000,45,1.65,200,3.15,200,14,275,100,2.5,10,1,6,25,,,,,
Standards,7,S1,17/11/2021,Disease1,26,10000,1000,45,1.65,200,3.15,200,14,275,100,2.5,10,1,6,25,,,,,
Standards,7,S1,17/11/2021,Disease1,26,10000,1000,45,1.65,200,3.15,200,14,275,100,2.5,10,1,6,25,,,,,
Standards,7,S1,17/11/2021,Disease2,26,10000,1000,45,1.65,200,3.15,200,14,275,100,2.5,10,1,6,25,,,,,
Standards,7,S1,17/11/2021,Disease2,26,10000,1000,45,1.65,200,3.15,200,14,275,100,2.5,10,1,6,25,,,,,
Standards,7,S2,17/11/2021,Disease1,27,5000,1000,45,1.65,200,3.15,200,14,275,100,2.5,10,1,6,25,,,,,
Standards,7,S2,17/11/2021,Disease1,27,5000,1000,45,1.65,200,3.15,200,14,275,100,2.5,10,1,6,25,,,,,
Standards,7,S2,17/11/2021,Disease2,27,5000,1000,45,1.65,200,3.15,200,14,275,100,2.5,10,1,6,25,,,,,
Standards,7,S2,17/11/2021,Disease2,27,5000,1000,45,1.65,200,3.15,200,14,275,100,2.5,10,1,6,25,,,,,
Standards,7,S3,17/11/2021,Disease1,28,2500,1000,45,1.65,200,3.15,200,14,275,100,2.5,10,1,6,25,,,,,
Standards,7,S3,17/11/2021,Disease1,28,2500,1000,45,1.65,200,3.15,200,14,275,100,2.5,10,1,6,25,,,,,
Standards,7,S3,17/11/2021,Disease2,28,2500,1000,45,1.65,200,3.15,200,14,275,100,2.5,10,1,6,25,,,,,
Standards,7,S3,17/11/2021,Disease2,28,2500,1000,45,1.65,200,3.15,200,14,275,100,2.5,10,1,6,25,,,,,
Standards,7,S4,17/11/2021,Disease1,29,1250,1000,45,1.65,200,3.15,200,14,275,100,2.5,10,1,6,25,,,,,
Standards,7,S4,17/11/2021,Disease1,29,1250,1000,45,1.65,200,3.15,200,14,275,100,2.5,10,1,6,25,,,,,
Standards,7,S4,17/11/2021,Disease2,29,1250,1000,45,1.65,200,3.15,200,14,275,100,2.5,10,1,6,25,,,,,
Standards,7,S4,17/11/2021,Disease2,29,1250,1000,45,1.65,200,3.15,200,14,275,100,2.5,10,1,6,25,,,,,
Standards,7,S5,17/11/2021,Disease1,30,625,1000,45,1.65,200,3.15,200,14,275,100,2.5,10,1,6,25,,,,,
Standards,7,S5,17/11/2021,Disease1,30,625,1000,45,1.65,200,3.15,200,14,275,100,2.5,10,1,6,25,,,,,
Standards,7,S5,17/11/2021,Disease2,30,625,1000,45,1.65,200,3.15,200,14,275,100,2.5,10,1,6,25,,,,,
Standards,7,S5,17/11/2021,Disease2,30,625,1000,45,1.65,200,3.15,200,14,275,100,2.5,10,1,6,25,,,,,
Standards,7,S6,17/11/2021,Disease1,31,156.25,1000,45,1.65,200,3.15,200,14,275,100,2.5,10,1,6,25,,,,,
Standards,7,S6,17/11/2021,Disease1,31,156.25,1000,45,1.65,200,3.15,200,14,275,100,2.5,10,1,6,25,,,,,
Standards,7,S6,17/11/2021,Disease2,31,156.25,1000,45,1.65,200,3.15,200,14,275,100,2.5,10,1,6,25,,,,,
Standards,7,S6,17/11/2021,Disease2,31,156.25,1000,45,1.65,200,3.15,200,14,275,100,2.5,10,1,6,25,,,,,
Standards,7,S7,17/11/2021,Disease1,32,39.0625,1000,45,1.65,200,3.15,200,14,275,100,2.5,10,1,6,25,,,,,
Standards,7,S7,17/11/2021,Disease1,33,39.0625,1000,45,1.65,200,3.15,200,14,275,100,2.5,10,1,6,25,,,,,
Standards,7,S7,17/11/2021,Disease2,32,39.0625,1000,45,1.65,200,3.15,200,14,275,100,2.5,10,1,6,25,,,,,
Standards,7,S7,17/11/2021,Disease2,33,39.0625,1000,45,1.65,200,3.15,200,14,275,100,2.5,10,1,6,25,,,,,
Standards,7,S8,17/11/2021,Disease1,34,9.765625,1000,45,1.65,200,3.15,200,14,275,100,2.5,10,1,6,25,,,,,
Standards,7,S8,17/11/2021,Disease1,34,9.765625,1000,45,1.65,200,3.15,200,14,275,100,2.5,10,1,6,25,,,,,
Standards,7,S8,17/11/2021,Disease2,34,9.765625,1000,45,1.65,200,3.15,200,14,275,100,2.5,10,1,6,25,,,,,
Standards,7,S8,17/11/2021,Disease2,34,9.765625,1000,45,1.65,200,3.15,200,14,275,100,2.5,10,1,6,25,,,,,
Matrix,7,Water + BCOV,17/11/2021,BCOV,23,,1000,45,1.65,200,3.15,200,14,275,100,2.5,10,1,6,25,,,,,
Matrix,7,Water + BCOV,17/11/2021,BCOV,23,,1000,45,1.65,200,3.15,200,14,275,100,2.5,10,1,6,25,,,,,
Spiked,8,Location 2,1/12/2021,BCOV,22.4,,1000,45,1.65,200,3.15,200,14,275,100,2.5,10,1,6,25,,,,,
Spiked,8,Location 2,1/12/2021,BCOV,22.4,,1000,45,1.65,200,3.15,200,14,275,100,2.5,10,1,6,25,,,,,
Sample,8,Location 2,1/12/2021,Disease1,32.1,,1000,45,1.65,200,3.15,200,14,275,100,2.5,10,1,6,25,,,,,
Sample,8,Location 2,1/12/2021,Disease1,32.4,,1000,45,1.65,200,3.15,200,14,275,100,2.5,10,1,6,25,,,,,
Sample,8,Location 2,1/12/2021,Disease1,32.4,,1000,45,1.65,200,3.15,200,14,275,100,2.5,10,1,6,25,,,,,
Sample,8,Location 2,1/12/2021,Disease1,31.1,,1000,45,1.65,200,3.15,200,14,275,100,2.5,10,1,6,25,,,,,
Sample,8,Location 2,1/12/2021,Disease1,31,,1000,45,1.65,200,3.15,200,14,275,100,2.5,10,1,6,25,,,,,
Sample,8,Location 2,1/12/2021,Disease1,31.2,,1000,45,1.65,200,3.15,200,14,275,100,2.5,10,1,6,25,,,,,
Sample,8,Location 2,1/12/2021,Disease2,32.2,,1000,45,1.65,200,3.15,200,14,275,100,2.5,10,1,6,25,,,,,
Sample,8,Location 2,1/12/2021,Disease2,32.4,,1000,45,1.65,200,3.15,200,14,275,100,2.5,10,1,6,25,,,,,
Sample,8,Location 2,1/12/2021,Disease2,32.2,,1000,45,1.65,200,3.15,200,14,275,100,2.5,10,1,6,25,,,,,
Sample,8,Location 2,1/12/2021,Disease2,32.3,,1000,45,1.65,200,3.15,200,14,275,100,2.5,10,1,6,25,,,,,
Sample,8,Location 2,1/12/2021,Disease2,32.4,,1000,45,1.65,200,3.15,200,14,275,100,2.5,10,1,6,25,,,,,
Spiked,8,Location 3 M2,1/12/2021,BCOV,32.2,,1000,45,1.65,200,3.15,200,14,275,100,2.5,10,1,6,25,,,,,
Spiked,8,Location 3 M2,1/12/2021,BCOV,22.4,,1000,45,1.65,200,3.15,200,14,275,100,2.5,10,1,6,25,,,,,
Sample,8,Location 3 M2,1/12/2021,Disease1,31.1,,1000,200,15,200,3.15,200,14,275,100,2.5,10,1,6,25,,,,,
Sample,8,Location 3 M2,1/12/2021,Disease1,31,,1000,200,15,200,3.15,200,14,275,100,2.5,10,1,6,25,,,,,
Sample,8,Location 3 M2,1/12/2021,Disease1,31.2,,1000,200,15,200,3.15,200,14,275,100,2.5,10,1,6,25,,,,,
Sample,8,Location 3 M2,1/12/2021,Disease2,33.1,,1000,200,15,200,3.15,200,14,275,100,5,20,1,6,25,,,,,
Sample,8,Location 3 M2,1/12/2021,Disease2,33,,1000,200,15,200,3.15,200,14,275,100,5,20,1,6,25,,,,,
Sample,8,Location 3 M2,1/12/2021,Disease2,32.3,,1000,200,15,200,3.15,200,14,275,100,5,20,1,6,25,,,,,
Spiked,8,Location1,1/12/2021,BCOV,32.4,,1000,45,1.65,200,3.15,200,14,275,100,2.5,10,1,6,25,,,,,
Spiked,8,Location1,1/12/2021,BCOV,32.2,,1000,45,1.65,200,3.15,200,14,275,100,2.5,10,1,6,25,,,,,
Sample,8,Location1,1/12/2021,Disease1,31.1,,1000,45,1.65,200,3.15,200,14,275,100,2.5,10,1,6,25,,,,,
Sample,8,Location1,1/12/2021,Disease1,31,,1000,45,1.65,200,3.15,200,14,275,100,2.5,10,1,6,25,,,,,
Sample,8,Location1,1/12/2021,Disease1,31.1,,1000,45,1.65,200,3.15,200,14,275,100,2.5,10,1,6,25,,,,,
Sample,8,Location1,1/12/2021,Disease2,33.5,,1000,45,1.65,200,3.15,200,14,275,100,2.5,10,1,6,25,,,,,
Sample,8,Location1,1/12/2021,Disease2,32.3,,1000,45,1.65,200,3.15,200,14,275,100,2.5,10,1,6,25,,,,,
Sample,8,Location1,1/12/2021,Disease2,32.4,,1000,45,1.65,200,3.15,200,14,275,100,2.5,10,1,6,25,,,,,
Control,8,NTC,1/12/2021,BCOV,32.2,,1000,45,1.65,200,3.15,200,14,275,100,2.5,10,1,6,25,,,,,
Control,8,NTC,1/12/2021,BCOV,Undetermined,,1000,45,1.65,200,3.15,200,14,275,100,2.5,10,1,6,25,,,,,
Control,8,NTC,1/12/2021,Disease1,Undetermined,,1000,45,1.65,200,3.15,200,14,275,100,2.5,10,1,6,25,,,,,
Control,8,NTC,1/12/2021,Disease1,Undetermined,,1000,45,1.65,200,3.15,200,14,275,100,2.5,10,1,6,25,,,,,
Control,8,NTC,1/12/2021,Disease2,Undetermined,,1000,45,1.65,200,3.15,200,14,275,100,2.5,10,1,6,25,,,,,
Control,8,NTC,1/12/2021,Disease2,Undetermined,,1000,45,1.65,200,3.15,200,14,275,100,2.5,10,1,6,25,,,,,
Control,8,Postive Control,1/12/2021,Disease1,21,,1000,45,1.65,200,3.15,200,14,275,100,2.5,10,1,6,25,,,,,
Control,8,Postive Control,1/12/2021,Disease1,21,,1000,45,1.65,200,3.15,200,14,275,100,2.5,10,1,6,25,,,,,
Control,8,Postive Control,1/12/2021,Disease1,21,,1000,45,1.65,200,3.15,200,14,275,100,2.5,10,1,6,25,,,,,
Control,8,Postive Control,1/12/2021,Disease1,21,,1000,45,1.65,200,3.15,200,14,275,100,2.5,10,1,6,25,,,,,
Standards,8,S1,1/12/2021,Disease1,26,10000,1000,45,1.65,200,3.15,200,14,275,100,2.5,10,1,6,25,,,,,
Standards,8,S1,1/12/2021,Disease1,26,10000,1000,45,1.65,200,3.15,200,14,275,100,2.5,10,1,6,25,,,,,
Standards,8,S1,1/12/2021,Disease2,26,10000,1000,45,1.65,200,3.15,200,14,275,100,2.5,10,1,6,25,,,,,
Standards,8,S1,1/12/2021,Disease2,26,10000,1000,45,1.65,200,3.15,200,14,275,100,2.5,10,1,6,25,,,,,
Standards,8,S1,1/12/2021,Disease2,26,10000,1000,45,1.65,200,3.15,200,14,275,100,2.5,10,1,6,25,,,,,
Standards,8,S1,1/12/2021,Disease2,26,10000,1000,45,1.65,200,3.15,200,14,275,100,2.5,10,1,6,25,,,,,
Standards,8,S2,1/12/2021,Disease1,27,5000,1000,45,1.65,200,3.15,200,14,275,100,2.5,10,1,6,25,,,,,
Standards,8,S2,1/12/2021,Disease1,27,5000,1000,45,1.65,200,3.15,200,14,275,100,2.5,10,1,6,25,,,,,
Standards,8,S2,1/12/2021,Disease2,27,5000,1000,45,1.65,200,3.15,200,14,275,100,2.5,10,1,6,25,,,,,
Standards,8,S2,1/12/2021,Disease2,27,5000,1000,45,1.65,200,3.15,200,14,275,100,2.5,10,1,6,25,,,,,
Standards,8,S2,1/12/2021,Disease2,27,5000,1000,45,1.65,200,3.15,200,14,275,100,2.5,10,1,6,25,,,,,
Standards,8,S2,1/12/2021,Disease2,27,5000,1000,45,1.65,200,3.15,200,14,275,100,2.5,10,1,6,25,,,,,
Standards,8,S3,1/12/2021,Disease1,28,2500,1000,45,1.65,200,3.15,200,14,275,100,2.5,10,1,6,25,,,,,
Standards,8,S3,1/12/2021,Disease1,28,2500,1000,45,1.65,200,3.15,200,14,275,100,2.5,10,1,6,25,,,,,
Standards,8,S3,1/12/2021,Disease2,28,2500,1000,45,1.65,200,3.15,200,14,275,100,2.5,10,1,6,25,,,,,
Standards,8,S3,1/12/2021,Disease2,28,2500,1000,45,1.65,200,3.15,200,14,275,100,2.5,10,1,6,25,,,,,
Standards,8,S3,1/12/2021,Disease2,28,2500,1000,45,1.65,200,3.15,200,14,275,100,2.5,10,1,6,25,,,,,
Standards,8,S3,1/12/2021,Disease2,28,2500,1000,45,1.65,200,3.15,200,14,275,100,2.5,10,1,6,25,,,,,
Standards,8,S4,1/12/2021,Disease1,29,1250,1000,45,1.65,200,3.15,200,14,275,100,2.5,10,1,6,25,,,,,
Standards,8,S4,1/12/2021,Disease1,29,1250,1000,45,1.65,200,3.15,200,14,275,100,2.5,10,1,6,25,,,,,
Standards,8,S4,1/12/2021,Disease2,29,1250,1000,45,1.65,200,3.15,200,14,275,100,2.5,10,1,6,25,,,,,
Standards,8,S4,1/12/2021,Disease2,29,1250,1000,45,1.65,200,3.15,200,14,275,100,2.5,10,1,6,25,,,,,
Standards,8,S4,1/12/2021,Disease2,29,1250,1000,45,1.65,200,3.15,200,14,275,100,2.5,10,1,6,25,,,,,
Standards,8,S4,1/12/2021,Disease2,29,1250,1000,45,1.65,200,3.15,200,14,275,100,2.5,10,1,6,25,,,,,
Standards,8,S5,1/12/2021,Disease1,30,625,1000,45,1.65,200,3.15,200,14,275,100,2.5,10,1,6,25,,,,,
Standards,8,S5,1/12/2021,Disease1,30,625,1000,45,1.65,200,3.15,200,14,275,100,2.5,10,1,6,25,,,,,
Standards,8,S5,1/12/2021,Disease2,30,625,1000,45,1.65,200,3.15,200,14,275,100,2.5,10,1,6,25,,,,,
Standards,8,S5,1/12/2021,Disease2,30,625,1000,45,1.65,200,3.15,200,14,275,100,2.5,10,1,6,25,,,,,
Standards,8,S5,1/12/2021,Disease2,30,625,1000,45,1.65,200,3.15,200,14,275,100,2.5,10,1,6,25,,,,,
Standards,8,S5,1/12/2021,Disease2,30,625,1000,45,1.65,200,3.15,200,14,275,100,2.5,10,1,6,25,,,,,
Standards,8,S6,1/12/2021,Disease1,31,156.25,1000,45,1.65,200,3.15,200,14,275,100,2.5,10,1,6,25,,,,,
Standards,8,S6,1/12/2021,Disease1,31,156.25,1000,45,1.65,200,3.15,200,14,275,100,2.5,10,1,6,25,,,,,
Standards,8,S6,1/12/2021,Disease2,31,156.25,1000,45,1.65,200,3.15,200,14,275,100,2.5,10,1,6,25,,,,,
Standards,8,S6,1/12/2021,Disease2,31,156.25,1000,45,1.65,200,3.15,200,14,275,100,2.5,10,1,6,25,,,,,
Standards,8,S6,1/12/2021,Disease2,31,156.25,1000,45,1.65,200,3.15,200,14,275,100,2.5,10,1,6,25,,,,,
Standards,8,S6,1/12/2021,Disease2,31,156.25,1000,45,1.65,200,3.15,200,14,275,100,2.5,10,1,6,25,,,,,
Standards,8,S7,1/12/2021,Disease1,32,39.0625,1000,45,1.65,200,3.15,200,14,275,100,2.5,10,1,6,25,,,,,
Standards,8,S7,1/12/2021,Disease1,33,39.0625,1000,45,1.65,200,3.15,200,14,275,100,2.5,10,1,6,25,,,,,
Standards,8,S7,1/12/2021,Disease2,32,39.0625,1000,45,1.65,200,3.15,200,14,275,100,2.5,10,1,6,25,,,,,
Standards,8,S7,1/12/2021,Disease2,33,39.0625,1000,45,1.65,200,3.15,200,14,275,100,2.5,10,1,6,25,,,,,
Standards,8,S7,1/12/2021,Disease2,32,39.0625,1000,45,1.65,200,3.15,200,14,275,100,2.5,10,1,6,25,,,,,
Standards,8,S7,1/12/2021,Disease2,33,39.0625,1000,45,1.65,200,3.15,200,14,275,100,2.5,10,1,6,25,,,,,
Standards,8,S8,1/12/2021,Disease1,34,9.765625,1000,45,1.65,200,3.15,200,14,275,100,2.5,10,1,6,25,,,,,
Standards,8,S8,1/12/2021,Disease1,34,9.765625,1000,45,1.65,200,3.15,200,14,275,100,2.5,10,1,6,25,,,,,
Standards,8,S8,1/12/2021,Disease2,34,9.765625,1000,45,1.65,200,3.15,200,14,275,100,2.5,10,1,6,25,,,,,
Standards,8,S8,1/12/2021,Disease2,34,9.765625,1000,45,1.65,200,3.15,200,14,275,100,2.5,10,1,6,25,,,,,
Standards,8,S8,1/12/2021,Disease2,34,9.765625,1000,45,1.65,200,3.15,200,14,275,100,2.5,10,1,6,25,,,,,
Standards,8,S8,1/12/2021,Disease2,34,9.765625,1000,45,1.65,200,3.15,200,14,275,100,2.5,10,1,6,25,,,,,
Matrix,8,Water + BCOV,1/12/2021,BCOV,23,,1000,45,1.65,200,3.15,200,14,275,100,2.5,10,1,6,25,,,,,
Matrix,8,Water + BCOV,1/12/2021,BCOV,23,,1000,45,1.65,200,3.15,200,14,275,100,2.5,10,1,6,25,,,,,
Matrix,8,Water + BCOV,1/12/2021,BCOV,23,,1000,45,1.65,200,3.15,200,14,275,100,2.5,10,1,6,25,,,,,
Matrix,8,Water + BCOV,1/12/2021,BCOV,23,,1000,45,1.65,200,3.15,200,14,275,100,2.5,10,1,6,25,,,,,
Spiked,9,Location 2,2/1/2022,BCOV,22.4,,1000,45,1.65,200,3.15,200,14,275,100,2.5,10,1,6,25,,,,,
Spiked,9,Location 2,2/1/2022,BCOV,22.4,,1000,45,1.65,200,3.15,200,14,275,100,2.5,10,1,6,25,,,,,
Sample,9,Location 2,2/1/2022,Disease1,32,,1000,45,1.65,200,3.15,200,14,275,100,2.5,10,1,6,25,,,,,
Sample,9,Location 2,2/1/2022,Disease1,31,,1000,45,1.65,200,3.15,200,14,275,100,2.5,10,1,6,25,,,,,
Sample,9,Location 2,2/1/2022,Disease1,31.4,,1000,45,1.65,200,3.15,200,14,275,100,2.5,10,1,6,25,,,,,
Sample,9,Location 2,2/1/2022,Disease2,31.3,,1000,45,1.65,200,3.15,200,14,275,100,2.5,10,1,6,25,,,,,
Sample,9,Location 2,2/1/2022,Disease2,33.1,,1000,45,1.65,200,3.15,200,14,275,100,2.5,10,1,6,25,,,,,
Sample,9,Location 2,2/1/2022,Disease2,33.1,,1000,45,1.65,200,3.15,200,14,275,100,2.5,10,1,6,25,,,,,
Spiked,9,Location 3 M2,2/1/2022,BCOV,22.4,,1000,45,1.65,200,3.15,200,14,275,100,2.5,10,1,6,25,,,,,
Spiked,9,Location 3 M2,2/1/2022,BCOV,22.4,,1000,45,1.65,200,3.15,200,14,275,100,2.5,10,1,6,25,,,,,
Sample,9,Location 3 M2,2/1/2022,Disease1,32,,1000,200,15,200,3.15,200,14,275,100,2.5,10,1,6,25,,,,,
Sample,9,Location 3 M2,2/1/2022,Disease1,31,,1000,200,15,200,3.15,200,14,275,100,2.5,10,1,6,25,,,,,
Sample,9,Location 3 M2,2/1/2022,Disease1,32,,1000,200,15,200,3.15,200,14,275,100,2.5,10,1,6,25,,,,,
Sample,9,Location 3 M2,2/1/2022,Disease2,31.2,,1000,200,15,200,3.15,200,14,275,100,5,20,1,6,25,,,,,
Sample,9,Location 3 M2,2/1/2022,Disease2,31,,1000,200,15,200,3.15,200,14,275,100,5,20,1,6,25,,,,,
Sample,9,Location 3 M2,2/1/2022,Disease2,31.2,,1000,200,15,200,3.15,200,14,275,100,5,20,1,6,25,,,,,
Spiked,9,Location1,2/1/2022,BCOV,31.4,,1000,45,1.65,200,3.15,200,14,275,100,2.5,10,1,6,25,,,,,
Spiked,9,Location1,2/1/2022,BCOV,22.4,,1000,45,1.65,200,3.15,200,14,275,100,2.5,10,1,6,25,,,,,
Sample,9,Location1,2/1/2022,Disease1,31,,1000,45,1.65,200,3.15,200,14,275,100,2.5,10,1,6,25,,,,,
Sample,9,Location1,2/1/2022,Disease1,32,,1000,45,1.65,200,3.15,200,14,275,100,2.5,10,1,6,25,,,,,
Sample,9,Location1,2/1/2022,Disease1,31.2,,1000,45,1.65,200,3.15,200,14,275,100,2.5,10,1,6,25,,,,,
Sample,9,Location1,2/1/2022,Disease2,31,,1000,45,1.65,200,3.15,200,14,275,100,2.5,10,1,6,25,,,,,
Sample,9,Location1,2/1/2022,Disease2,31.2,,1000,45,1.65,200,3.15,200,14,275,100,2.5,10,1,6,25,,,,,
Sample,9,Location1,2/1/2022,Disease2,31.5,,1000,45,1.65,200,3.15,200,14,275,100,2.5,10,1,6,25,,,,,
Control,9,NTC,2/1/2022,BCOV,Undetermined,,1000,45,1.65,200,3.15,200,14,275,100,2.5,10,1,6,25,,,,,
Control,9,NTC,2/1/2022,BCOV,Undetermined,,1000,45,1.65,200,3.15,200,14,275,100,2.5,10,1,6,25,,,,,
Control,9,NTC,2/1/2022,Disease1,Undetermined,,1000,45,1.65,200,3.15,200,14,275,100,2.5,10,1,6,25,,,,,
Control,9,NTC,2/1/2022,Disease1,Undetermined,,1000,45,1.65,200,3.15,200,14,275,100,2.5,10,1,6,25,,,,,
Control,9,NTC,2/1/2022,Disease2,Undetermined,,1000,45,1.65,200,3.15,200,14,275,100,2.5,10,1,6,25,,,,,
Control,9,NTC,2/1/2022,Disease2,Undetermined,,1000,45,1.65,200,3.15,200,14,275,100,2.5,10,1,6,25,,,,,
Control,9,Postive Control,2/1/2022,Disease1,21,,1000,45,1.65,200,3.15,200,14,275,100,2.5,10,1,6,25,,,,,
Control,9,Postive Control,2/1/2022,Disease1,21,,1000,45,1.65,200,3.15,200,14,275,100,2.5,10,1,6,25,,,,,
Standards,9,S1,2/1/2022,Disease1,26,10000,1000,45,1.65,200,3.15,200,14,275,100,2.5,10,1,6,25,,,,,
Standards,9,S1,2/1/2022,Disease1,26,10000,1000,45,1.65,200,3.15,200,14,275,100,2.5,10,1,6,25,,,,,
Standards,9,S1,2/1/2022,Disease1,26,10000,1000,45,1.65,200,3.15,200,14,275,100,2.5,10,1,6,25,,,,,
Standards,9,S1,2/1/2022,Disease1,26,10000,1000,45,1.65,200,3.15,200,14,275,100,2.5,10,1,6,25,,,,,
Standards,9,S1,2/1/2022,Disease2,26,10000,1000,45,1.65,200,3.15,200,14,275,100,2.5,10,1,6,25,,,,,
Standards,9,S1,2/1/2022,Disease2,26,10000,1000,45,1.65,200,3.15,200,14,275,100,2.5,10,1,6,25,,,,,
Standards,9,S2,2/1/2022,Disease1,27,5000,1000,45,1.65,200,3.15,200,14,275,100,2.5,10,1,6,25,,,,,
Standards,9,S2,2/1/2022,Disease1,27,5000,1000,45,1.65,200,3.15,200,14,275,100,2.5,10,1,6,25,,,,,
Standards,9,S2,2/1/2022,Disease1,27,5000,1000,45,1.65,200,3.15,200,14,275,100,2.5,10,1,6,25,,,,,
Standards,9,S2,2/1/2022,Disease1,27,5000,1000,45,1.65,200,3.15,200,14,275,100,2.5,10,1,6,25,,,,,
Standards,9,S2,2/1/2022,Disease2,27,5000,1000,45,1.65,200,3.15,200,14,275,100,2.5,10,1,6,25,,,,,
Standards,9,S2,2/1/2022,Disease2,27,5000,1000,45,1.65,200,3.15,200,14,275,100,2.5,10,1,6,25,,,,,
Standards,9,S3,2/1/2022,Disease1,28,2500,1000,45,1.65,200,3.15,200,14,275,100,2.5,10,1,6,25,,,,,
Standards,9,S3,2/1/2022,Disease1,28,2500,1000,45,1.65,200,3.15,200,14,275,100,2.5,10,1,6,25,,,,,
Standards,9,S3,2/1/2022,Disease1,28,2500,1000,45,1.65,200,3.15,200,14,275,100,2.5,10,1,6,25,,,,,
Standards,9,S3,2/1/2022,Disease1,28,2500,1000,45,1.65,200,3.15,200,14,275,100,2.5,10,1,6,25,,,,,
Standards,9,S3,2/1/2022,Disease2,28,2500,1000,45,1.65,200,3.15,200,14,275,100,2.5,10,1,6,25,,,,,
Standards,9,S3,2/1/2022,Disease2,28,2500,1000,45,1.65,200,3.15,200,14,275,100,2.5,10,1,6,25,,,,,
Standards,9,S4,2/1/2022,Disease1,29,1250,1000,45,1.65,200,3.15,200,14,275,100,2.5,10,1,6,25,,,,,
Standards,9,S4,2/1/2022,Disease1,29,1250,1000,45,1.65,200,3.15,200,14,275,100,2.5,10,1,6,25,,,,,
Standards,9,S4,2/1/2022,Disease1,29,1250,1000,45,1.65,200,3.15,200,14,275,100,2.5,10,1,6,25,,,,,
Standards,9,S4,2/1/2022,Disease1,29,1250,1000,45,1.65,200,3.15,200,14,275,100,2.5,10,1,6,25,,,,,
Standards,9,S4,2/1/2022,Disease2,29,1250,1000,45,1.65,200,3.15,200,14,275,100,2.5,10,1,6,25,,,,,
Standards,9,S4,2/1/2022,Disease2,29,1250,1000,45,1.65,200,3.15,200,14,275,100,2.5,10,1,6,25,,,,,
Standards,9,S5,2/1/2022,Disease1,30,625,1000,45,1.65,200,3.15,200,14,275,100,2.5,10,1,6,25,,,,,
Standards,9,S5,2/1/2022,Disease1,30,625,1000,45,1.65,200,3.15,200,14,275,100,2.5,10,1,6,25,,,,,
Standards,9,S5,2/1/2022,Disease1,30,625,1000,45,1.65,200,3.15,200,14,275,100,2.5,10,1,6,25,,,,,
Standards,9,S5,2/1/2022,Disease1,30,625,1000,45,1.65,200,3.15,200,14,275,100,2.5,10,1,6,25,,,,,
Standards,9,S5,2/1/2022,Disease2,30,625,1000,45,1.65,200,3.15,200,14,275,100,2.5,10,1,6,25,,,,,
Standards,9,S5,2/1/2022,Disease2,30,625,1000,45,1.65,200,3.15,200,14,275,100,2.5,10,1,6,25,,,,,
Standards,9,S6,2/1/2022,Disease1,31,156.25,1000,45,1.65,200,3.15,200,14,275,100,2.5,10,1,6,25,,,,,
Standards,9,S6,2/1/2022,Disease1,31,156.25,1000,45,1.65,200,3.15,200,14,275,100,2.5,10,1,6,25,,,,,
Standards,9,S6,2/1/2022,Disease1,31,156.25,1000,45,1.65,200,3.15,200,14,275,100,2.5,10,1,6,25,,,,,
Standards,9,S6,2/1/2022,Disease1,31,156.25,1000,45,1.65,200,3.15,200,14,275,100,2.5,10,1,6,25,,,,,
Standards,9,S6,2/1/2022,Disease2,31,156.25,1000,45,1.65,200,3.15,200,14,275,100,2.5,10,1,6,25,,,,,
Standards,9,S6,2/1/2022,Disease2,31,156.25,1000,45,1.65,200,3.15,200,14,275,100,2.5,10,1,6,25,,,,,
Standards,9,S7,2/1/2022,Disease1,32,39.0625,1000,45,1.65,200,3.15,200,14,275,100,2.5,10,1,6,25,,,,,
Standards,9,S7,2/1/2022,Disease1,33,39.0625,1000,45,1.65,200,3.15,200,14,275,100,2.5,10,1,6,25,,,,,
Standards,9,S7,2/1/2022,Disease1,32,39.0625,1000,45,1.65,200,3.15,200,14,275,100,2.5,10,1,6,25,,,,,
Standards,9,S7,2/1/2022,Disease1,33,39.0625,1000,45,1.65,200,3.15,200,14,275,100,2.5,10,1,6,25,,,,,
Standards,9,S7,2/1/2022,Disease2,32,39.0625,1000,45,1.65,200,3.15,200,14,275,100,2.5,10,1,6,25,,,,,
Standards,9,S7,2/1/2022,Disease2,33,39.0625,1000,45,1.65,200,3.15,200,14,275,100,2.5,10,1,6,25,,,,,
Standards,9,S8,2/1/2022,Disease1,34,9.765625,1000,45,1.65,200,3.15,200,14,275,100,2.5,10,1,6,25,,,,,
Standards,9,S8,2/1/2022,Disease1,34,9.765625,1000,45,1.65,200,3.15,200,14,275,100,2.5,10,1,6,25,,,,,
Standards,9,S8,2/1/2022,Disease1,34,9.765625,1000,45,1.65,200,3.15,200,14,275,100,2.5,10,1,6,25,,,,,
Standards,9,S8,2/1/2022,Disease1,34,9.765625,1000,45,1.65,200,3.15,200,14,275,100,2.5,10,1,6,25,,,,,
Standards,9,S8,2/1/2022,Disease2,34,9.765625,1000,45,1.65,200,3.15,200,14,275,100,2.5,10,1,6,25,,,,,
Standards,9,S8,2/1/2022,Disease2,34,9.765625,1000,45,1.65,200,3.15,200,14,275,100,2.5,10,1,6,25,,,,,
Matrix,9,Water + BCOV,2/1/2022,BCOV,23,,1000,45,1.65,200,3.15,200,14,275,100,2.5,10,1,6,25,,,,,
Matrix,9,Water + BCOV,2/1/2022,BCOV,23,,1000,45,1.65,200,3.15,200,14,275,100,2.5,10,1,6,25,,,,,
Spiked,10,Location 2,25/1/2022,BCOV,22.4,,1000,45,1.65,200,3.15,200,14,275,100,2.5,10,1,6,25,,,,,
Spiked,10,Location 2,25/1/2022,BCOV,22.4,,1000,45,1.65,200,3.15,200,14,275,100,2.5,10,1,6,25,,,,,
Sample,10,Location 2,25/1/2022,Disease1,31.5,,1000,45,1.65,200,3.15,200,14,275,100,2.5,10,1,6,25,,,,,
Sample,10,Location 2,25/1/2022,Disease1,31.5,,1000,45,1.65,200,3.15,200,14,275,100,2.5,10,1,6,25,,,,,
Sample,10,Location 2,25/1/2022,Disease1,31.3,,1000,45,1.65,200,3.15,200,14,275,100,2.5,10,1,6,25,,,,,
Sample,10,Location 2,25/1/2022,Disease2,31.5,,1000,45,1.65,200,3.15,200,14,275,100,2.5,10,1,6,25,,,,,
Sample,10,Location 2,25/1/2022,Disease2,33.3,,1000,45,1.65,200,3.15,200,14,275,100,2.5,10,1,6,25,,,,,
Sample,10,Location 2,25/1/2022,Disease2,33.4,,1000,45,1.65,200,3.15,200,14,275,100,2.5,10,1,6,25,,,,,
Spiked,10,Location 3 M2,25/1/2022,BCOV,22.4,,1000,45,1.65,200,3.15,200,14,275,100,2.5,10,1,6,25,,,,,
Spiked,10,Location 3 M2,25/1/2022,BCOV,22.4,,1000,45,1.65,200,3.15,200,14,275,100,2.5,10,1,6,25,,,,,
Sample,10,Location 3 M2,25/1/2022,Disease1,32,,1000,200,15,200,3.15,200,14,275,100,2.5,10,1,6,25,,,,,
Sample,10,Location 3 M2,25/1/2022,Disease1,32.4,,1000,200,15,200,3.15,200,14,275,100,2.5,10,1,6,25,,,,,
Sample,10,Location 3 M2,25/1/2022,Disease1,32.4,,1000,200,15,200,3.15,200,14,275,100,2.5,10,1,6,25,,,,,
Sample,10,Location 3 M2,25/1/2022,Disease2,25.9,,1000,200,15,200,3.15,200,14,275,100,5,20,1,6,25,,,,,
Sample,10,Location 3 M2,25/1/2022,Disease2,33.1,,1000,200,15,200,3.15,200,14,275,100,5,20,1,6,25,,,,,
Sample,10,Location 3 M2,25/1/2022,Disease2,33.1,,1000,200,15,200,3.15,200,14,275,100,5,20,1,6,25,,,,,
Spiked,10,Location1,25/1/2022,BCOV,22.4,,1000,45,1.65,200,3.15,200,14,275,100,2.5,10,1,6,25,,,,,
Spiked,10,Location1,25/1/2022,BCOV,22.4,,1000,45,1.65,200,3.15,200,14,275,100,2.5,10,1,6,25,,,,,
Sample,10,Location1,25/1/2022,Disease1,31,,1000,45,1.65,200,3.15,200,14,275,100,2.5,10,1,6,25,,,,,
Sample,10,Location1,25/1/2022,Disease1,31.1,,1000,45,1.65,200,3.15,200,14,275,100,2.5,10,1,6,25,,,,,
Sample,10,Location1,25/1/2022,Disease1,31.4,,1000,45,1.65,200,3.15,200,14,275,100,2.5,10,1,6,25,,,,,
Sample,10,Location1,25/1/2022,Disease2,25.2,,1000,45,1.65,200,3.15,200,14,275,100,2.5,10,1,6,25,,,,,
Sample,10,Location1,25/1/2022,Disease2,33.5,,1000,45,1.65,200,3.15,200,14,275,100,2.5,10,1,6,25,,,,,
Sample,10,Location1,25/1/2022,Disease2,33.3,,1000,45,1.65,200,3.15,200,14,275,100,2.5,10,1,6,25,,,,,
Control,10,NTC,25/1/2022,BCOV,Undetermined,,1000,45,1.65,200,3.15,200,14,275,100,2.5,10,1,6,25,,,,,
Control,10,NTC,25/1/2022,BCOV,Undetermined,,1000,45,1.65,200,3.15,200,14,275,100,2.5,10,1,6,25,,,,,
Control,10,NTC,25/1/2022,Disease1,Undetermined,,1000,45,1.65,200,3.15,200,14,275,100,2.5,10,1,6,25,,,,,
Control,10,NTC,25/1/2022,Disease1,Undetermined,,1000,45,1.65,200,3.15,200,14,275,100,2.5,10,1,6,25,,,,,
Control,10,NTC,25/1/2022,Disease2,Undetermined,,1000,45,1.65,200,3.15,200,14,275,100,2.5,10,1,6,25,,,,,
Control,10,NTC,25/1/2022,Disease2,Undetermined,,1000,45,1.65,200,3.15,200,14,275,100,2.5,10,1,6,25,,,,,
Control,10,Postive Control,25/1/2022,Disease1,21,,1000,45,1.65,200,3.15,200,14,275,100,2.5,10,1,6,25,,,,,
Control,10,Postive Control,25/1/2022,Disease1,21,,1000,45,1.65,200,3.15,200,14,275,100,2.5,10,1,6,25,,,,,
Standards,10,S1,25/1/2022,Disease1,26,10000,1000,45,1.65,200,3.15,200,14,275,100,2.5,10,1,6,25,,,,,
Standards,10,S1,25/1/2022,Disease1,26,10000,1000,45,1.65,200,3.15,200,14,275,100,2.5,10,1,6,25,,,,,
Standards,10,S1,25/1/2022,Disease2,26,10000,1000,45,1.65,200,3.15,200,14,275,100,2.5,10,1,6,25,,,,,
Standards,10,S1,25/1/2022,Disease2,26,10000,1000,45,1.65,200,3.15,200,14,275,100,2.5,10,1,6,25,,,,,
Standards,10,S2,25/1/2022,Disease1,27,5000,1000,45,1.65,200,3.15,200,14,275,100,2.5,10,1,6,25,,,,,
Standards,10,S2,25/1/2022,Disease1,27,5000,1000,45,1.65,200,3.15,200,14,275,100,2.5,10,1,6,25,,,,,
Standards,10,S2,25/1/2022,Disease2,27,5000,1000,45,1.65,200,3.15,200,14,275,100,2.5,10,1,6,25,,,,,
Standards,10,S2,25/1/2022,Disease2,27,5000,1000,45,1.65,200,3.15,200,14,275,100,2.5,10,1,6,25,,,,,
Standards,10,S3,25/1/2022,Disease1,28,2500,1000,45,1.65,200,3.15,200,14,275,100,2.5,10,1,6,25,,,,,
Standards,10,S3,25/1/2022,Disease1,28,2500,1000,45,1.65,200,3.15,200,14,275,100,2.5,10,1,6,25,,,,,
Standards,10,S3,25/1/2022,Disease2,28,2500,1000,45,1.65,200,3.15,200,14,275,100,2.5,10,1,6,25,,,,,
Standards,10,S3,25/1/2022,Disease2,28,2500,1000,45,1.65,200,3.15,200,14,275,100,2.5,10,1,6,25,,,,,
Standards,10,S4,25/1/2022,Disease1,29,1250,1000,45,1.65,200,3.15,200,14,275,100,2.5,10,1,6,25,,,,,
Standards,10,S4,25/1/2022,Disease1,29,1250,1000,45,1.65,200,3.15,200,14,275,100,2.5,10,1,6,25,,,,,
Standards,10,S4,25/1/2022,Disease2,29,1250,1000,45,1.65,200,3.15,200,14,275,100,2.5,10,1,6,25,,,,,
Standards,10,S4,25/1/2022,Disease2,29,1250,1000,45,1.65,200,3.15,200,14,275,100,2.5,10,1,6,25,,,,,
Standards,10,S5,25/1/2022,Disease1,30,625,1000,45,1.65,200,3.15,200,14,275,100,2.5,10,1,6,25,,,,,
Standards,10,S5,25/1/2022,Disease1,30,625,1000,45,1.65,200,3.15,200,14,275,100,2.5,10,1,6,25,,,,,
Standards,10,S5,25/1/2022,Disease2,30,625,1000,45,1.65,200,3.15,200,14,275,100,2.5,10,1,6,25,,,,,
Standards,10,S5,25/1/2022,Disease2,30,625,1000,45,1.65,200,3.15,200,14,275,100,2.5,10,1,6,25,,,,,
Standards,10,S6,25/1/2022,Disease1,31,156.25,1000,45,1.65,200,3.15,200,14,275,100,2.5,10,1,6,25,,,,,
Standards,10,S6,25/1/2022,Disease1,31,156.25,1000,45,1.65,200,3.15,200,14,275,100,2.5,10,1,6,25,,,,,
Standards,10,S6,25/1/2022,Disease2,31,156.25,1000,45,1.65,200,3.15,200,14,275,100,2.5,10,1,6,25,,,,,
Standards,10,S6,25/1/2022,Disease2,31,156.25,1000,45,1.65,200,3.15,200,14,275,100,2.5,10,1,6,25,,,,,
Standards,10,S7,25/1/2022,Disease1,32,39.0625,1000,45,1.65,200,3.15,200,14,275,100,2.5,10,1,6,25,,,,,
Standards,10,S7,25/1/2022,Disease1,33,39.0625,1000,45,1.65,200,3.15,200,14,275,100,2.5,10,1,6,25,,,,,
Standards,10,S7,25/1/2022,Disease2,32,39.0625,1000,45,1.65,200,3.15,200,14,275,100,2.5,10,1,6,25,,,,,
Standards,10,S7,25/1/2022,Disease2,33,39.0625,1000,45,1.65,200,3.15,200,14,275,100,2.5,10,1,6,25,,,,,
Standards,10,S8,25/1/2022,Disease1,34,9.765625,1000,45,1.65,200,3.15,200,14,275,100,2.5,10,1,6,25,,,,,
Standards,10,S8,25/1/2022,Disease1,34,9.765625,1000,45,1.65,200,3.15,200,14,275,100,2.5,10,1,6,25,,,,,
Standards,10,S8,25/1/2022,Disease2,34,9.765625,1000,45,1.65,200,3.15,200,14,275,100,2.5,10,1,6,25,,,,,
Standards,10,S8,25/1/2022,Disease2,34,9.765625,1000,45,1.65,200,3.15,200,14,275,100,2.5,10,1,6,25,,,,,
Matrix,10,Water + BCOV,25/1/2022,BCOV,23,,1000,45,1.65,200,3.15,200,14,275,100,2.5,10,1,6,25,,,,,
Matrix,10,Water + BCOV,25/1/2022,BCOV,23,,1000,45,1.65,200,3.15,200,14,275,100,2.5,10,1,6,25,,,,,
Spiked,11,Location 2,6/2/2022,BCOV,22.4,,1000,45,1.65,200,3.15,200,14,275,100,2.5,10,1,6,25,,,,,
Spiked,11,Location 2,6/2/2022,BCOV,22.4,,1000,45,1.65,200,3.15,200,14,275,100,2.5,10,1,6,25,,,,,
Sample,11,Location 2,6/2/2022,Disease1,31.1,,1000,45,1.65,200,3.15,200,14,275,100,2.5,10,1,6,25,,,,,
Sample,11,Location 2,6/2/2022,Disease1,31,,1000,45,1.65,200,3.15,200,14,275,100,2.5,10,1,6,25,,,,,
Sample,11,Location 2,6/2/2022,Disease1,31.2,,1000,45,1.65,200,3.15,200,14,275,100,2.5,10,1,6,25,,,,,
Sample,11,Location 2,6/2/2022,Disease2,31.1,,1000,45,1.65,200,3.15,200,14,275,100,2.5,10,1,6,25,,,,,
Sample,11,Location 2,6/2/2022,Disease2,33.8,,1000,45,1.65,200,3.15,200,14,275,100,2.5,10,1,6,25,,,,,
Sample,11,Location 2,6/2/2022,Disease2,33.7,,1000,45,1.65,200,3.15,200,14,275,100,2.5,10,1,6,25,,,,,
Spiked,11,Location 3 M2,6/2/2022,BCOV,22.4,,1000,45,1.65,200,3.15,200,14,275,100,2.5,10,1,6,25,,,,,
Spiked,11,Location 3 M2,6/2/2022,BCOV,22.4,,1000,45,1.65,200,3.15,200,14,275,100,2.5,10,1,6,25,,,,,
Sample,11,Location 3 M2,6/2/2022,Disease1,32.1,,1000,200,15,200,3.15,200,14,275,100,2.5,10,1,6,25,,,,,
Sample,11,Location 3 M2,6/2/2022,Disease1,32.4,,1000,200,15,200,3.15,200,14,275,100,2.5,10,1,6,25,,,,,
Sample,11,Location 3 M2,6/2/2022,Disease1,32.4,,1000,200,15,200,3.15,200,14,275,100,2.5,10,1,6,25,,,,,
Sample,11,Location 3 M2,6/2/2022,Disease2,31.1,,1000,200,15,200,3.15,200,14,275,100,5,20,1,6,25,,,,,
Sample,11,Location 3 M2,6/2/2022,Disease2,31,,1000,200,15,200,3.15,200,14,275,100,5,20,1,6,25,,,,,
Sample,11,Location 3 M2,6/2/2022,Disease2,31.2,,1000,200,15,200,3.15,200,14,275,100,5,20,1,6,25,,,,,
Spiked,11,Location1,6/2/2022,BCOV,31.1,,1000,45,1.65,200,3.15,200,14,275,100,2.5,10,1,6,25,,,,,
Spiked,11,Location1,6/2/2022,BCOV,31,,1000,45,1.65,200,3.15,200,14,275,100,2.5,10,1,6,25,,,,,
Sample,11,Location1,6/2/2022,Disease1,31.2,,1000,45,1.65,200,3.15,200,14,275,100,2.5,10,1,6,25,,,,,
Sample,11,Location1,6/2/2022,Disease1,31,,1000,45,1.65,200,3.15,200,14,275,100,2.5,10,1,6,25,,,,,
Sample,11,Location1,6/2/2022,Disease1,31.2,,1000,45,1.65,200,3.15,200,14,275,100,2.5,10,1,6,25,,,,,
Sample,11,Location1,6/2/2022,Disease2,31.1,,1000,45,1.65,200,3.15,200,14,275,100,2.5,10,1,6,25,,,,,
Sample,11,Location1,6/2/2022,Disease2,33.7,,1000,45,1.65,200,3.15,200,14,275,100,2.5,10,1,6,25,,,,,
Sample,11,Location1,6/2/2022,Disease2,33.6,,1000,45,1.65,200,3.15,200,14,275,100,2.5,10,1,6,25,,,,,
Control,11,NTC,6/2/2022,BCOV,Undetermined,,1000,45,1.65,200,3.15,200,14,275,100,2.5,10,1,6,25,,,,,
Control,11,NTC,6/2/2022,BCOV,Undetermined,,1000,45,1.65,200,3.15,200,14,275,100,2.5,10,1,6,25,,,,,
Control,11,NTC,6/2/2022,Disease1,Undetermined,,1000,45,1.65,200,3.15,200,14,275,100,2.5,10,1,6,25,,,,,
Control,11,NTC,6/2/2022,Disease1,Undetermined,,1000,45,1.65,200,3.15,200,14,275,100,2.5,10,1,6,25,,,,,
Control,11,NTC,6/2/2022,Disease2,Undetermined,,1000,45,1.65,200,3.15,200,14,275,100,2.5,10,1,6,25,,,,,
Control,11,NTC,6/2/2022,Disease2,Undetermined,,1000,45,1.65,200,3.15,200,14,275,100,2.5,10,1,6,25,,,,,
Control,11,Postive Control,6/2/2022,Disease1,21,,1000,45,1.65,200,3.15,200,14,275,100,2.5,10,1,6,25,,,,,
Control,11,Postive Control,6/2/2022,Disease1,21,,1000,45,1.65,200,3.15,200,14,275,100,2.5,10,1,6,25,,,,,
Standards,11,S1,6/2/2022,Disease1,26,10000,1000,45,1.65,200,3.15,200,14,275,100,2.5,10,1,6,25,,,,,
Standards,11,S1,6/2/2022,Disease1,26,10000,1000,45,1.65,200,3.15,200,14,275,100,2.5,10,1,6,25,,,,,
Standards,11,S1,6/2/2022,Disease2,26,10000,1000,45,1.65,200,3.15,200,14,275,100,2.5,10,1,6,25,,,,,
Standards,11,S1,6/2/2022,Disease2,26,10000,1000,45,1.65,200,3.15,200,14,275,100,2.5,10,1,6,25,,,,,
Standards,11,S2,6/2/2022,Disease1,27,5000,1000,45,1.65,200,3.15,200,14,275,100,2.5,10,1,6,25,,,,,
Standards,11,S2,6/2/2022,Disease1,27,5000,1000,45,1.65,200,3.15,200,14,275,100,2.5,10,1,6,25,,,,,
Standards,11,S2,6/2/2022,Disease2,27,5000,1000,45,1.65,200,3.15,200,14,275,100,2.5,10,1,6,25,,,,,
Standards,11,S2,6/2/2022,Disease2,27,5000,1000,45,1.65,200,3.15,200,14,275,100,2.5,10,1,6,25,,,,,
Standards,11,S3,6/2/2022,Disease1,28,2500,1000,45,1.65,200,3.15,200,14,275,100,2.5,10,1,6,25,,,,,
Standards,11,S3,6/2/2022,Disease1,28,2500,1000,45,1.65,200,3.15,200,14,275,100,2.5,10,1,6,25,,,,,
Standards,11,S3,6/2/2022,Disease2,28,2500,1000,45,1.65,200,3.15,200,14,275,100,2.5,10,1,6,25,,,,,
Standards,11,S3,6/2/2022,Disease2,28,2500,1000,45,1.65,200,3.15,200,14,275,100,2.5,10,1,6,25,,,,,
Standards,11,S4,6/2/2022,Disease1,29,1250,1000,45,1.65,200,3.15,200,14,275,100,2.5,10,1,6,25,,,,,
Standards,11,S4,6/2/2022,Disease1,29,1250,1000,45,1.65,200,3.15,200,14,275,100,2.5,10,1,6,25,,,,,
Standards,11,S4,6/2/2022,Disease2,29,1250,1000,45,1.65,200,3.15,200,14,275,100,2.5,10,1,6,25,,,,,
Standards,11,S4,6/2/2022,Disease2,29,1250,1000,45,1.65,200,3.15,200,14,275,100,2.5,10,1,6,25,,,,,
Standards,11,S5,6/2/2022,Disease1,30,625,1000,45,1.65,200,3.15,200,14,275,100,2.5,10,1,6,25,,,,,
Standards,11,S5,6/2/2022,Disease1,30,625,1000,45,1.65,200,3.15,200,14,275,100,2.5,10,1,6,25,,,,,
Standards,11,S5,6/2/2022,Disease2,30,625,1000,45,1.65,200,3.15,200,14,275,100,2.5,10,1,6,25,,,,,
Standards,11,S5,6/2/2022,Disease2,30,625,1000,45,1.65,200,3.15,200,14,275,100,2.5,10,1,6,25,,,,,
Standards,11,S6,6/2/2022,Disease1,31,156.25,1000,45,1.65,200,3.15,200,14,275,100,2.5,10,1,6,25,,,,,
Standards,11,S6,6/2/2022,Disease1,31,156.25,1000,45,1.65,200,3.15,200,14,275,100,2.5,10,1,6,25,,,,,
Standards,11,S6,6/2/2022,Disease2,31,156.25,1000,45,1.65,200,3.15,200,14,275,100,2.5,10,1,6,25,,,,,
Standards,11,S6,6/2/2022,Disease2,31,156.25,1000,45,1.65,200,3.15,200,14,275,100,2.5,10,1,6,25,,,,,
Standards,11,S7,6/2/2022,Disease1,32,39.0625,1000,45,1.65,200,3.15,200,14,275,100,2.5,10,1,6,25,,,,,
Standards,11,S7,6/2/2022,Disease1,33,39.0625,1000,45,1.65,200,3.15,200,14,275,100,2.5,10,1,6,25,,,,,
Standards,11,S7,6/2/2022,Disease2,32,39.0625,1000,45,1.65,200,3.15,200,14,275,100,2.5,10,1,6,25,,,,,
Standards,11,S7,6/2/2022,Disease2,33,39.0625,1000,45,1.65,200,3.15,200,14,275,100,2.5,10,1,6,25,,,,,
Standards,11,S8,6/2/2022,Disease1,34,9.765625,1000,45,1.65,200,3.15,200,14,275,100,2.5,10,1,6,25,,,,,
Standards,11,S8,6/2/2022,Disease1,34,9.765625,1000,45,1.65,200,3.15,200,14,275,100,2.5,10,1,6,25,,,,,
Standards,11,S8,6/2/2022,Disease2,34,9.765625,1000,45,1.65,200,3.15,200,14,275,100,2.5,10,1,6,25,,,,,
Standards,11,S8,6/2/2022,Disease2,34,9.765625,1000,45,1.65,200,3.15,200,14,275,100,2.5,10,1,6,25,,,,,
Matrix,11,Water + BCOV,6/2/2022,BCOV,23,,1000,45,1.65,200,3.15,200,14,275,100,2.5,10,1,6,25,,,,,
Matrix,11,Water + BCOV,6/2/2022,BCOV,23,,1000,45,1.65,200,3.15,200,14,275,100,2.5,10,1,6,25,,,,,
Spiked,12,Location 2,15/2/2022,BCOV,22.4,,1000,45,1.65,200,3.15,200,14,275,100,2.5,10,1,6,25,,,,,
Spiked,12,Location 2,15/2/2022,BCOV,22.4,,1000,45,1.65,200,3.15,200,14,275,100,2.5,10,1,6,25,,,,,
Sample,12,Location 2,15/2/2022,Disease1,32,,1000,45,1.65,200,3.15,200,14,275,100,2.5,10,1,6,25,,,,,
Sample,12,Location 2,15/2/2022,Disease1,32.4,,1000,45,1.65,200,3.15,200,14,275,100,2.5,10,1,6,25,,,,,
Sample,12,Location 2,15/2/2022,Disease1,32.2,,1000,45,1.65,200,3.15,200,14,275,100,2.5,10,1,6,25,,,,,
Sample,12,Location 2,15/2/2022,Disease2,32.1,,1000,45,1.65,200,3.15,200,14,275,100,2.5,10,1,6,25,,,,,
Sample,12,Location 2,15/2/2022,Disease2,32.2,,1000,45,1.65,200,3.15,200,14,275,100,2.5,10,1,6,25,,,,,
Sample,12,Location 2,15/2/2022,Disease2,32.2,,1000,45,1.65,200,3.15,200,14,275,100,2.5,10,1,6,25,,,,,
Spiked,12,Location 3 M2,15/2/2022,BCOV,32.1,,1000,45,1.65,200,3.15,200,14,275,100,2.5,10,1,6,25,,,,,
Spiked,12,Location 3 M2,15/2/2022,BCOV,22.4,,1000,45,1.65,200,3.15,200,14,275,100,2.5,10,1,6,25,,,,,
Sample,12,Location 3 M2,15/2/2022,Disease1,32,,1000,200,15,200,3.15,200,14,275,100,2.5,10,1,6,25,,,,,
Sample,12,Location 3 M2,15/2/2022,Disease1,32.4,,1000,200,15,200,3.15,200,14,275,100,2.5,10,1,6,25,,,,,
Sample,12,Location 3 M2,15/2/2022,Disease1,32.4,,1000,200,15,200,3.15,200,14,275,100,2.5,10,1,6,25,,,,,
Sample,12,Location 3 M2,15/2/2022,Disease2,25.9,,1000,200,15,200,3.15,200,14,275,100,5,20,1,6,25,,,,,
Sample,12,Location 3 M2,15/2/2022,Disease2,33.1,,1000,200,15,200,3.15,200,14,275,100,5,20,1,6,25,,,,,
Sample,12,Location 3 M2,15/2/2022,Disease2,33.1,,1000,200,15,200,3.15,200,14,275,100,5,20,1,6,25,,,,,
Spiked,12,Location1,15/2/2022,BCOV,22.4,,1000,45,1.65,200,3.15,200,14,275,100,2.5,10,1,6,25,,,,,
Spiked,12,Location1,15/2/2022,BCOV,22.4,,1000,45,1.65,200,3.15,200,14,275,100,2.5,10,1,6,25,,,,,
Sample,12,Location1,15/2/2022,Disease1,32.2,,1000,45,1.65,200,3.15,200,14,275,100,2.5,10,1,6,25,,,,,
Sample,12,Location1,15/2/2022,Disease1,32.1,,1000,45,1.65,200,3.15,200,14,275,100,2.5,10,1,6,25,,,,,
Sample,12,Location1,15/2/2022,Disease1,32.2,,1000,45,1.65,200,3.15,200,14,275,100,2.5,10,1,6,25,,,,,
Sample,12,Location1,15/2/2022,Disease2,32.2,,1000,45,1.65,200,3.15,200,14,275,100,2.5,10,1,6,25,,,,,
Sample,12,Location1,15/2/2022,Disease2,32.1,,1000,45,1.65,200,3.15,200,14,275,100,2.5,10,1,6,25,,,,,
Sample,12,Location1,15/2/2022,Disease2,33.1,,1000,45,1.65,200,3.15,200,14,275,100,2.5,10,1,6,25,,,,,
Control,12,NTC,15/2/2022,BCOV,Undetermined,,1000,45,1.65,200,3.15,200,14,275,100,2.5,10,1,6,25,,,,,
Control,12,NTC,15/2/2022,BCOV,Undetermined,,1000,45,1.65,200,3.15,200,14,275,100,2.5,10,1,6,25,,,,,
Control,12,NTC,15/2/2022,Disease1,Undetermined,,1000,45,1.65,200,3.15,200,14,275,100,2.5,10,1,6,25,,,,,
Control,12,NTC,15/2/2022,Disease1,Undetermined,,1000,45,1.65,200,3.15,200,14,275,100,2.5,10,1,6,25,,,,,
Control,12,NTC,15/2/2022,Disease2,Undetermined,,1000,45,1.65,200,3.15,200,14,275,100,2.5,10,1,6,25,,,,,
Control,12,NTC,15/2/2022,Disease2,Undetermined,,1000,45,1.65,200,3.15,200,14,275,100,2.5,10,1,6,25,,,,,
Control,12,Postive Control,15/2/2022,Disease1,21,,1000,45,1.65,200,3.15,200,14,275,100,2.5,10,1,6,25,,,,,
Control,12,Postive Control,15/2/2022,Disease1,21,,1000,45,1.65,200,3.15,200,14,275,100,2.5,10,1,6,25,,,,,
Standards,12,S1,15/2/2022,Disease1,26,10000,1000,45,1.65,200,3.15,200,14,275,100,2.5,10,1,6,25,,,,,
Standards,12,S1,15/2/2022,Disease1,26,10000,1000,45,1.65,200,3.15,200,14,275,100,2.5,10,1,6,25,,,,,
Standards,12,S1,15/2/2022,Disease2,26,10000,1000,45,1.65,200,3.15,200,14,275,100,2.5,10,1,6,25,,,,,
Standards,12,S1,15/2/2022,Disease2,26,10000,1000,45,1.65,200,3.15,200,14,275,100,2.5,10,1,6,25,,,,,
Standards,12,S2,15/2/2022,Disease1,27,5000,1000,45,1.65,200,3.15,200,14,275,100,2.5,10,1,6,25,,,,,
Standards,12,S2,15/2/2022,Disease1,27,5000,1000,45,1.65,200,3.15,200,14,275,100,2.5,10,1,6,25,,,,,
Standards,12,S2,15/2/2022,Disease2,27,5000,1000,45,1.65,200,3.15,200,14,275,100,2.5,10,1,6,25,,,,,
Standards,12,S2,15/2/2022,Disease2,27,5000,1000,45,1.65,200,3.15,200,14,275,100,2.5,10,1,6,25,,,,,
Standards,12,S3,15/2/2022,Disease1,28,2500,1000,45,1.65,200,3.15,200,14,275,100,2.5,10,1,6,25,,,,,
Standards,12,S3,15/2/2022,Disease1,28,2500,1000,45,1.65,200,3.15,200,14,275,100,2.5,10,1,6,25,,,,,
Standards,12,S3,15/2/2022,Disease2,28,2500,1000,45,1.65,200,3.15,200,14,275,100,2.5,10,1,6,25,,,,,
Standards,12,S3,15/2/2022,Disease2,28,2500,1000,45,1.65,200,3.15,200,14,275,100,2.5,10,1,6,25,,,,,
Standards,12,S4,15/2/2022,Disease1,29,1250,1000,45,1.65,200,3.15,200,14,275,100,2.5,10,1,6,25,,,,,
Standards,12,S4,15/2/2022,Disease1,29,1250,1000,45,1.65,200,3.15,200,14,275,100,2.5,10,1,6,25,,,,,
Standards,12,S4,15/2/2022,Disease2,29,1250,1000,45,1.65,200,3.15,200,14,275,100,2.5,10,1,6,25,,,,,
Standards,12,S4,15/2/2022,Disease2,29,1250,1000,45,1.65,200,3.15,200,14,275,100,2.5,10,1,6,25,,,,,
Standards,12,S5,15/2/2022,Disease1,30,625,1000,45,1.65,200,3.15,200,14,275,100,2.5,10,1,6,25,,,,,
Standards,12,S5,15/2/2022,Disease1,30,625,1000,45,1.65,200,3.15,200,14,275,100,2.5,10,1,6,25,,,,,
Standards,12,S5,15/2/2022,Disease2,30,625,1000,45,1.65,200,3.15,200,14,275,100,2.5,10,1,6,25,,,,,
Standards,12,S5,15/2/2022,Disease2,30,625,1000,45,1.65,200,3.15,200,14,275,100,2.5,10,1,6,25,,,,,
Standards,12,S6,15/2/2022,Disease1,31,156.25,1000,45,1.65,200,3.15,200,14,275,100,2.5,10,1,6,25,,,,,
Standards,12,S6,15/2/2022,Disease1,31,156.25,1000,45,1.65,200,3.15,200,14,275,100,2.5,10,1,6,25,,,,,
Standards,12,S6,15/2/2022,Disease2,31,156.25,1000,45,1.65,200,3.15,200,14,275,100,2.5,10,1,6,25,,,,,
Standards,12,S6,15/2/2022,Disease2,31,156.25,1000,45,1.65,200,3.15,200,14,275,100,2.5,10,1,6,25,,,,,
Standards,12,S7,15/2/2022,Disease1,32,39.0625,1000,45,1.65,200,3.15,200,14,275,100,2.5,10,1,6,25,,,,,
Standards,12,S7,15/2/2022,Disease1,33,39.0625,1000,45,1.65,200,3.15,200,14,275,100,2.5,10,1,6,25,,,,,
Standards,12,S7,15/2/2022,Disease2,32,39.0625,1000,45,1.65,200,3.15,200,14,275,100,2.5,10,1,6,25,,,,,
Standards,12,S7,15/2/2022,Disease2,33,39.0625,1000,45,1.65,200,3.15,200,14,275,100,2.5,10,1,6,25,,,,,
Standards,12,S8,15/2/2022,Disease1,34,9.765625,1000,45,1.65,200,3.15,200,14,275,100,2.5,10,1,6,25,,,,,
Standards,12,S8,15/2/2022,Disease1,34,9.765625,1000,45,1.65,200,3.15,200,14,275,100,2.5,10,1,6,25,,,,,
Standards,12,S8,15/2/2022,Disease2,34,9.765625,1000,45,1.65,200,3.15,200,14,275,100,2.5,10,1,6,25,,,,,
Standards,12,S8,15/2/2022,Disease2,34,9.765625,1000,45,1.65,200,3.15,200,14,275,100,2.5,10,1,6,25,,,,,
Matrix,12,Water + BCOV,15/2/2022,BCOV,23,,1000,45,1.65,200,3.15,200,14,275,100,2.5,10,1,6,25,,,,,
Matrix,12,Water + BCOV,15/2/2022,BCOV,23,,1000,45,1.65,200,3.15,200,14,275,100,2.5,10,1,6,25,,,,,
,,,,,,,,,,,,,,,,,,,,,,,,,
,,,,,,,,,,,,,,,,,,,,,,,,,
,,,,,,,,,,,,,,,,,,,,,,,,,
,,,,,,,,,,,,,,,,,,,,,,,,,
,,,,,,,,,,,,,,,,,,,,,,,,,
,,,,,,,,,,,,,,,,,,,,,,,,,
,,,,,,,,,,,,,,,,,,,,,,,,,
,,,,,,,,,,,,,,,,,,,,,,,,,
,,,,,,,,,,,,,,,,,,,,,,,,,
,,,,,,,,,,,,,,,,,,,,,,,,,
,,,,,,,,,,,,,,,,,,,,,,,,,
,,,,,,,,,,,,,,,,,,,,,,,,,
,,,,,,,,,,,,,,,,,,,,,,,,,
,,,,,,,,,,,,,,,,,,,,,,,,,
,,,,,,,,,,,,,,,,,,,,,,,,,
,,,,,,,,,,,,,,,,,,,,,,,,,
,,,,,,,,,,,,,,,,,,,,,,,,,
,,,,,,,,,,,,,,,,,,,,,,,,,
,,,,,,,,,,,,,,,,,,,,,,,,,
,,,,,,,,,,,,,,,,,,,,,,,,,
,,,,,,,,,,,,,,,,,,,,,,,,,
,,,,,,,,,,,,,,,,,,,,,,,,,
,,,,,,,,,,,,,,,,,,,,,,,,,
,,,,,,,,,,,,,,,,,,,,,,,,,
,,,,,,,,,,,,,,,,,,,,,,,,,
,,,,,,,,,,,,,,,,,,,,,,,,,
,,,,,,,,,,,,,,,,,,,,,,,,,
,,,,,,,,,,,,,,,,,,,,,,,,,
,,,,,,,,,,,,,,,,,,,,,,,,,
,,,,,,,,,,,,,,,,,,,,,,,,,
,,,,,,,,,,,,,,,,,,,,,,,,,
,,,,,,,,,,,,,,,,,,,,,,,,,
,,,,,,,,,,,,,,,,,,,,,,,,,
,,,,,,,,,,,,,,,,,,,,,,,,,
,,,,,,,,,,,,,,,,,,,,,,,,,
,,,,,,,,,,,,,,,,,,,,,,,,,
,,,,,,,,,,,,,,,,,,,,,,,,,
,,,,,,,,,,,,,,,,,,,,,,,,,
,,,,,,,,,,,,,,,,,,,,,,,,,
,,,,,,,,,,,,,,,,,,,,,,,,,
,,,,,,,,,,,,,,,,,,,,,,,,,
,,,,,,,,,,,,,,,,,,,,,,,,,
